Article_No,Category,Product_Name,Material,Specifications,Application,Source_Page
5000-8000,Pumps,OTAL ® disposable pumps,"PE, PVC","sal plug.                                 Delivery tubes PE for OTAL® disposable pumps, 10 pieces Code N4",,9
5005-1200,Pumps,OTAL ® hand pumps | to fit most commercial storage drums,"AISI 304, PE, PP, PVC, PVDF, stainless steel",1       14              12          PP              70 Code N4,Acids/alkalis,11
5005-4000,Pumps,OTAL ® hand pumps | to fit most commercial storage drums,"AISI 304, PE, PP, PVC, PVDF, stainless steel",3   26                  18          AISI 304        90 Code N4,Acids/alkalis,11
5005-1500,Pumps,OTAL ® hand pumps | to fit most commercial storage drums,"AISI 304, PE, PP, PVC, PVDF, stainless steel",1       20              15          PP              70 Code N4,Acids/alkalis,11
5005-6000,Pumps,OTAL ® hand pumps | to fit most commercial storage drums,"AISI 304, PE, PP, PVC, PVDF, stainless steel",4   12                  12          PP/PVC          70 Code N4,Acids/alkalis,11
5005-1800,Pumps,OTAL ® hand pumps | to fit most commercial storage drums,"AISI 304, PE, PP, PVC, PVDF, stainless steel",1       26              18          PP              70 Code N4,Acids/alkalis,11
5005-1000,Pumps,OTAL ® hand pumps | to fit most commercial storage drums,"AISI 304, PE, PP, PVC, PVDF, stainless steel",5   4                   10          PP              45 Code N4,Acids/alkalis,11
5005-3000,Pumps,OTAL ® hand pumps | to fit most commercial storage drums,"AISI 304, PE, PP, PVC, PVDF, stainless steel",2       20              16          PVDF            70 Code N4,Acids/alkalis,11
5005-7000,Pumps,OTAL ® hand pumps | to fit most commercial storage drums,"AISI 304, PE, PP, PVC, PVDF, stainless steel",6   5                   12          PP/PVC          70 Code N4,Acids/alkalis,11
5000-4016,Pumps,"OTAL ® foot pumps | high performance, sturdy, for industrial use","AISI 304, PE, PP, PVC, PVDF, stainless steel",2   20                   16            PVDF             70 Code N4,Acids/alkalis,13
5000-5018,Pumps,"OTAL ® foot pumps | high performance, sturdy, for industrial use","AISI 304, PE, PP, PVC, PVDF, stainless steel",4  OTAL ® foot pump with hose and stopcock                                 3   26                   18            AISI 304         90 Code N4,Acids/alkalis,13
5000-3012,Pumps,"OTAL ® foot pumps | high performance, sturdy, for industrial use","AISI 304, PE, PP, PVC, PVDF, stainless steel",4   12                   12            PP/PVC           70 Code N4,Acids/alkalis,13
5005-7000,Pumps,"OTAL ® foot pumps | high performance, sturdy, for industrial use","AISI 304, PE, PP, PVC, PVDF, stainless steel",OTAL ® foot pump with hose and tap with delivery tubes made of PP          5   5                    12            PP/PVC           70 Code N4,Acids/alkalis,13
5000-6000,Pumps,"OTAL ® foot pumps | high performance, sturdy, for industrial use","AISI 304, PE, PP, PVC, PVDF, stainless steel",and a 1.5 m discharge hose made of PVC with stopcock made of PP/           5   5                    12            PP/PVC           70 Code N4,Acids/alkalis,13
0600-3002,Pumps,Pump-it ® container pump                                                                               Adapter set Pump-it ®,"FKM, PE, PP",Thread adapters PP outer/outer 2” coarse thread Tri-Sure - 64 mm (BSI) Code N4,Acids/alkalis,14
5201-0030,Pumps,Pump-it ® container pump                                                                               Adapter set Pump-it ®,"FKM, PE, PP",Code N4,Acids/alkalis,14
0600-3003,Pumps,Pump-it ® container pump                                                                               Adapter set Pump-it ®,"FKM, PE, PP",Thread adapters PP outer/outer 2” BSP - 64 mm (BSI) Code N4,Acids/alkalis,14
0600-1014,Pumps,Pump-it ® container pump                                                                               Adapter set Pump-it ®,"FKM, PE, PP",Thread adapters PP outer/inner 64 mm (BSI) - DIN 60 Code N4,Acids/alkalis,14
0600-1016,Pumps,Pump-it ® container pump                                                                               Adapter set Pump-it ®,"FKM, PE, PP",Thread adapters PP outer/inner 64 mm (BSI) - DIN 51 Code N4,Acids/alkalis,14
0600-1013,Pumps,Pump-it ® container pump                                                                               Adapter set Pump-it ®,"FKM, PE, PP",Thread adapters PP outer/inner 64 mm (BSI) - DIN 61 Code N4,Acids/alkalis,14
0600-1001,Pumps,Pump-it ® container pump                                                                               Adapter set Pump-it ®,"FKM, PE, PP",Thread adapters PP outer/inner 64 mm (BSI) - DIN 71 Code N4,Acids/alkalis,14
5202-1001,Pumps,"PumpMaster container pumps | flexible, for universal use","EPDM, FKM, NBR, PP",Discharge hose with shut-off valve for PumpMaster for acids and chemical liquids Code N4,Acids/alkalis,15
5607-1004,Pumps,Dosing pumps Dosi-Pump,"PE, PP, stainless steel",1       4                21               25 Code N3,,16
5607-2030,Pumps,Dosing pumps Dosi-Pump,"PE, PP, stainless steel",2       30               28.5             38.5 Code N3,,16
5607-3030,Pumps,Dosing pumps Dosi-Pump,"PE, PP, stainless steel",3       30               22               33.5 Code N3,,16
5607-4100,Pumps,Dosing pumps Dosi-Pump,"PE, PP, stainless steel",4       100              28.5             29.5 Code N3,,16
5607-5250,Pumps,Dosing pumps Dosi-Pump,"PE, PP, stainless steel",5       250              28.5             41.5 Code N3,,16
5600-3130,Pumps,PTFE barrel pumps Ultrapure,"AISI 304, FEP, PP, PTFE, PVC, PVDF","PP barrel screw joint, G 2”, steel ﬁne outer thread Code N4",Ultra-pure media,17
5600-3170,Pumps,PTFE barrel pumps Ultrapure,"AISI 304, FEP, PP, PTFE, PVC, PVDF","   Immersion tube Ø 32 mm                                              PP barrel screw joint, Mauser 2”, coarse outer thread Code N4",Ultra-pure media,17
5600-3180,Pumps,PTFE barrel pumps Ultrapure,"AISI 304, FEP, PP, PTFE, PVC, PVDF","PP barrel screw joint, Tri-Sure, coarse outer thread Code N4",Ultra-pure media,17
5601-0120,Pumps,PTFE barrel pumps Ultrapure,"AISI 304, FEP, PP, PTFE, PVC, PVDF","   All valves are made of solid PTFE/PVDF                              Universal thread adapterAISI 304, Ø 48-75 mm, G2” connector thread Code N4",Ultra-pure media,17
5618-0200,Pumps,PTFE barrel pumps Ultrapure,"AISI 304, FEP, PP, PTFE, PVC, PVDF","   Top quality – 3 years’ warranty                                     Drum holder for placing ﬁlling containers, AISI 304 Code N4",Ultra-pure media,17
5600-3140,Pumps,PP barrel pumps | robust industrial quality,"AISI 304, PP, PTFE, PVC",6 Container screw joint Code N4,,19
5600-3150,Pumps,PP barrel pumps | robust industrial quality,"AISI 304, PP, PTFE, PVC","7 PVC barrel plug, dia. 40–70 mm (not for EX zone) Code N4",,19
5600-0100,Pumps,PP barrel pumps | robust industrial quality,"AISI 304, PP, PTFE, PVC",Discharge hose 1.2 m PVC with stopcock for PP barrel pump Code N4,,19
5601-0120,Pumps,PP barrel pumps | robust industrial quality,"AISI 304, PP, PTFE, PVC","8 Universal thread adapterAISI 304, Ø 48-75 mm, G2” connector thread Code N4",,19
5618-1000,Pumps,PP barrel pumps | robust industrial quality,"AISI 304, PP, PTFE, PVC",Drain safety stand (see page 50) Code N4,,19
5618-0200,Pumps,PP barrel pumps | robust industrial quality,"AISI 304, PP, PTFE, PVC","Drum holder for placing ﬁlling containers, AISI 304 Code N4",,19
5601-0130,Pumps,Stainless Steel Barrel Pump | for flammable liquids,"AISI 304, Brass, PP, PTFE, PVC, Stainless Steel, Stainless steel, stainless steel",with discharge tube.                                   en          t e st e d                  5 Gastight barrel connector G 2” steel ﬁne outer thread Code N4,Flammable liquids,21
5601-0090,Pumps,Stainless Steel Barrel Pump | for flammable liquids,"AISI 304, Brass, PP, PTFE, PVC, Stainless Steel, Stainless steel, stainless steel",a ti o n N o. 0        Discharge hose 1.2 m with stainless steel/PTFE stopcoc Code N4,Flammable liquids,21
5601-0080,Pumps,Stainless Steel Barrel Pump | for flammable liquids,"AISI 304, Brass, PP, PTFE, PVC, Stainless Steel, Stainless steel, stainless steel", Removable discharge tube                                                                    Discharge tube for stainless steel barrel pump Code N4,Flammable liquids,21
5600-3150,Pumps,Stainless Steel Barrel Pump | for flammable liquids,"AISI 304, Brass, PP, PTFE, PVC, Stainless Steel, Stainless steel, stainless steel","PVC barrel plug, dia. 40–70 mm (not for EX zone) Code N4",Flammable liquids,21
5601-0120,Pumps,Stainless Steel Barrel Pump | for flammable liquids,"AISI 304, Brass, PP, PTFE, PVC, Stainless Steel, Stainless steel, stainless steel","6 Universal thread adapterAISI 304, Ø 48-75 mm, G2” connector thread Code N4",Flammable liquids,21
5618-1000,Pumps,Stainless Steel Barrel Pump | for flammable liquids,"AISI 304, Brass, PP, PTFE, PVC, Stainless Steel, Stainless steel, stainless steel",Drain safety stand (see page 50) Code N4,Flammable liquids,21
5618-0200,Pumps,Stainless Steel Barrel Pump | for flammable liquids,"AISI 304, Brass, PP, PTFE, PVC, Stainless Steel, Stainless steel, stainless steel","Drum holder for placing ﬁlling containers, AISI 304 Code N4",Flammable liquids,21
5600-3130,Pumps,Stainless Steel Barrel Pump | for flammable liquids,"AISI 304, Brass, PP, PTFE, PVC, Stainless Steel, Stainless steel, stainless steel","Stainless steel barrel pump - discharge hose/stopcock                                         PP barrel screw joint, G 2”, steel ﬁne outer thread Code N4",Flammable liquids,21
5600-3170,Pumps,Stainless Steel Barrel Pump | for flammable liquids,"AISI 304, Brass, PP, PTFE, PVC, Stainless Steel, Stainless steel, stainless steel","Barrel pump stainless steel with discharge hose and stopcock made                             PP barrel screw joint, Mauser 2”, coarse outer thread Code N4",Flammable liquids,21
5600-3180,Pumps,Stainless Steel Barrel Pump | for flammable liquids,"AISI 304, Brass, PP, PTFE, PVC, Stainless Steel, Stainless steel, stainless steel","of stainless steel and PTFE, can conduct electricity.                                         PP barrel screw joint, Tri-Sure, coarse outer thread Code N4",Flammable liquids,21
5690-0090,Pumps,Stainless Steel Barrel Pump | for flammable liquids,"AISI 304, Brass, PP, PTFE, PVC, Stainless Steel, Stainless steel, stainless steel",Universal barrel spanner Code N4,Flammable liquids,21
2502-2010,Pumps,Stainless Steel Barrel Pump | for flammable liquids,"AISI 304, Brass, PP, PTFE, PVC, Stainless Steel, Stainless steel, stainless steel",   Immersion tube Ø 32 mm                                                                    Casual style safety goggles Code N3,Flammable liquids,21
0006-6009,Pumps,Solvent pump foot operated,"AISI 304, PTFE, stainless steel","Air ﬁlters for solvent pump, ﬁlter class F5, 10 pieces Code N4",Flammable liquids,22
5602-1000,Pumps,Solvent pump hand operated,"AISI 304, PTFE, stainless steel",set!                                             Anti-static set Code N4,Flammable liquids,23
5602-1000,Pumps,Withdrawal system for solvents,"PTFE, stainless steel",Anti-static set Code N4,Solvents,25
0006-4000,Pumps,Mini solvent pump | reliable filling of small quantities,"AISI 304, AISI 316L, ETFE, PTFE, stainless steel","Thread adapter for Mini solvent pump, PTFE, GL 45 - S 40 Code N4",Flammable liquids,26
0006-4002,Pumps,Mini solvent pump | reliable filling of small quantities,"AISI 304, AISI 316L, ETFE, PTFE, stainless steel","Sturdiness for long service life                                          Thread adapter for Mini solvent pump, ETFE, GL 45 - GL 38 Code N4",Flammable liquids,26
0006-4003,Pumps,Mini solvent pump | reliable filling of small quantities,"AISI 304, AISI 316L, ETFE, PTFE, stainless steel","Thread adapter for Mini solvent pump, ETFE, GL 45 - GL 32 Code N4",Flammable liquids,26
0006-9506,Pumps,Mini solvent pump | reliable filling of small quantities,"AISI 304, AISI 316L, ETFE, PTFE, stainless steel","Thanks to its sturdy design and high-quality materials, the Mini sol-     Hose cutter Code N3",Flammable liquids,26
5314-0100,Pumps,Mini solvent pump | reliable filling of small quantities,"AISI 304, AISI 316L, ETFE, PTFE, stainless steel","vent pump consistently ensures neat and reliable filling throughout       Glass sampling bottle 1000 ml, GL 45 Code N3",Flammable liquids,26
8804-0608,Pumps,Mini solvent pump | reliable filling of small quantities,"AISI 304, AISI 316L, ETFE, PTFE, stainless steel","its long service life, easily and conveniently.                           Suction hose PTFE on roll 6 x 8 mm, roll with 5 m Code N3",Flammable liquids,26
5602-1000,Containers,Anti-static set | prevents electrostatic build-up,,Code N4,Flammable liquids,27
5600-3140,Containers,Barrel screw joints,"Brass, FKM, PP, PVC, brass, stainless steel",60                               32 Code N4,Flammable liquids,28
5600-3150,Containers,Barrel screw joints,"Brass, FKM, PP, PVC, brass, stainless steel",40–70                               32 Code N4,Flammable liquids,28
0600-3006,Containers,Thread adapters,Stainless steel,18      S 61x6 (DIN61) / S 56x4 (Tri-Sure)                                   black/orange Code N4,,29
0600-3007,Containers,Thread adapters,Stainless steel,"offer assistance.                            19      S 61x6 (DiN61) / G2""                                                 black Code N4",,29
0600-3004,Containers,Thread adapters,Stainless steel,20      S 70x6 (Mauser) / S 64x5                                             green Code N4,,29
0600-3002,Containers,Thread adapters,Stainless steel,Instructions for determing the               21      S 56x4 (Tri-Sure) / S 64x5                                           brown Code N4,,29
0600-3003,Containers,Thread adapters,Stainless steel,"22      G 2"" / S 64x5                                                        blue Code N4",,29
0600-3010,Containers,Thread adapters,Stainless steel,"thread can be found on page 276.             23      Adapter set, consisting of 1,2, 15 and 17 Code N4",,29
5610-1030,Containers,Gas-tight barrel pump PP | odour-free liquid transfer                                                             Gas-tight stainless steel pump,"PE, PP, PTFE, PVC, Stainless steel, stainless steel",1 with universal adapter 34–70 mm Ø               200 Code N4,Flammable liquids,30
5610-1040,Containers,Gas-tight barrel pump PP | odour-free liquid transfer                                                             Gas-tight stainless steel pump,"PE, PP, PTFE, PVC, Stainless steel, stainless steel",2 with 2 screw joint adapters 3/4” with lock nuts 200 Code N4,Flammable liquids,30
5611-1090,Containers,Gas-tight barrel pump PP | odour-free liquid transfer                                                             Gas-tight stainless steel pump,"PE, PP, PTFE, PVC, Stainless steel, stainless steel",57                69                330 Code N4,Flammable liquids,30
5611-0090,Containers,Gas-tight barrel pump PP | odour-free liquid transfer                                                             Gas-tight stainless steel pump,"PE, PP, PTFE, PVC, Stainless steel, stainless steel",91                103               540 Code N4,Flammable liquids,30
5613-0030,Containers,Lever pump aluminium                                        Piston pump PP                                  Compact lever pump,"NBR, PA, PP, aluminium",Code N4,Acids/alkalis,31
5613-0020,Containers,Lever pump aluminium                                        Piston pump PP                                  Compact lever pump,"NBR, PA, PP, aluminium",100 Code N4,Acids/alkalis,31
5613-0041,Containers,Lever pump,"AISI 304, FKM, stainless steel",cm                                                    yellow Code N4,Acids/alkalis,32
5605-1000,Containers,Siphon with stopcock | for occasional drawing off of liquids,"LDPE, PP, PVC",LDPE/PVC/PP       100                  15                   9 Code N4,,33
5600-3130,Pumps,AccuOne barrel pump                                                                   EnergyOne barrel pump,PP,"PP barrel screw joint, G 2”, steel ﬁne outer thread Code N4",,35
5600-3130,Pumps,AccuOne barrel pump                                                                   EnergyOne barrel pump,PP,"PP barrel screw joint, G 2”, steel ﬁne outer thread Code N4",,35
5600-3170,Pumps,AccuOne barrel pump                                                                   EnergyOne barrel pump,PP,"PP barrel screw joint, Mauser 2”, coarse outer thread Code N4",,35
5600-3170,Pumps,AccuOne barrel pump                                                                   EnergyOne barrel pump,PP,"PP barrel screw joint, Mauser 2”, coarse outer thread Code N4",,35
5600-3180,Pumps,AccuOne barrel pump                                                                   EnergyOne barrel pump,PP,"PP barrel screw joint, Tri-Sure, coarse outer thread Code N4",,35
5600-3180,Pumps,AccuOne barrel pump                                                                   EnergyOne barrel pump,PP,"PP barrel screw joint, Tri-Sure, coarse outer thread Code N4",,35
5900-3100,Pumps,AccuOne / EnergyOne | Accessories                                                         Laboratory pump mains operated,"AISI 304, FKM, PP, PVC","11 Pump station Accu/EnergyOne, submersible length 100 cm Code N4",Acids/alkalis,36
5700-0111,Pumps,AccuOne / EnergyOne | Accessories                                                         Laboratory pump mains operated,"AISI 304, FKM, PP, PVC",Flow meter PP 1” (see page 38) Code N2,Acids/alkalis,36
5780-0020,Pumps,"Electric barrel pump Petro | for Diesel oil, class D/II fuel oil",,Volume readout Petro Code N2,Petrochemicals,37
5700-0121,Pumps,Drum pump for acids and alkalis                                         Drum pump for concentrated acids/alkalis,"Hastelloy, PP, PVC, PVDF",Flow meter PP 1 1/4” (see page 38) Code N2,Acids/alkalis,38
5700-0141,Pumps,Drum pump for acids and alkalis                                         Drum pump for concentrated acids/alkalis,"Hastelloy, PP, PVC, PVDF",Flow meter PVDF 1 1/4” (see page 38) Code N2,Acids/alkalis,38
5763-0100,Pumps,Drum pump for mineral oils                                             Drum pump for solvents,"AISI 316, Brass, PP, PVC, aluminium, stainless steel",100                          41 Code N2,Flammable liquids,39
5763-0301,Pumps,Drum pump for mineral oils                                             Drum pump for solvents,"AISI 316, Brass, PP, PVC, aluminium, stainless steel",100                         41 Code N2,Flammable liquids,39
5700-0111,Pumps,Flow meters                                                                                Double-diaphragm pump 1/4“,"EPDM, Hastelloy, NBR, PP, PTFE, PVDF","PP, Hastelloy C22, for fuel oil, diesel, 5 - 120         G 1” Code N2",Acids/alkalis,40
5765-0001,Pumps,Flow meters                                                                                Double-diaphragm pump 1/4“,"EPDM, Hastelloy, NBR, PP, PTFE, PVDF","PTFE               sod. hydroxide,                                                         Diaphragms/valve balls/seals: NBR, valve seat/   52              4 Code N2",Acids/alkalis,40
5700-0141,Pumps,Flow meters                                                                                Double-diaphragm pump 1/4“,"EPDM, Hastelloy, NBR, PP, PTFE, PVDF","PVDF, Hastelloy    for highly aggres- 5 - 120            G 1 1/4” Code N2",Acids/alkalis,40
5765-0002,Pumps,Flow meters                                                                                Double-diaphragm pump 1/4“,"EPDM, Hastelloy, NBR, PP, PTFE, PVDF","Diaphragms: TPC-ET + TFM (PTFE), valve balls/    52              4 Code N2",Acids/alkalis,40
5765-0003,Pumps,Flow meters                                                                                Double-diaphragm pump 1/4“,"EPDM, Hastelloy, NBR, PP, PTFE, PVDF","chlorine bleaches,                                                      Diaphragms: TPV (EPDM-PP), valve balls/seals:    52              4 Code N2",Acids/alkalis,40
5765-0004,Pumps,Flow meters                                                                                Double-diaphragm pump 1/4“,"EPDM, Hastelloy, NBR, PP, PTFE, PVDF","acid, etc.                                                              Diaphragms: TPV (EPDM-PP) + TFM (PTFE), valve    52              4 Code N2",Acids/alkalis,40
5625-2002,Pumps,Magnetic centrifugal pumps                                                 AirJet Mini membrane vacuum pump,"EPDM, FKM, PP, PTFE, stainless steel",2 AirJet Mini ﬁne regulation head Code N2,Acids/alkalis,41
5766-0002,Pumps,Magnetic centrifugal pumps                                                 AirJet Mini membrane vacuum pump,"EPDM, FKM, PP, PTFE, stainless steel","2 29 Watt, with R 3/4” outer thread Code N2",Acids/alkalis,41
5625-2003,Pumps,Magnetic centrifugal pumps                                                 AirJet Mini membrane vacuum pump,"EPDM, FKM, PP, PTFE, stainless steel",3 AirJet Mini sound absorber Code N2,Acids/alkalis,41
0525-3000,Containers,"StopCocks | completely water-tight, easily operated","PE, PP, PTFE",2 3/4’’ outer thread                3/4’’ outer thread Code N4,,42
0525-1312,Containers,"StopCocks | completely water-tight, easily operated","PE, PP, PTFE",Hose nozzle StopCock 12 mm Code N4,,42
0525-5000,Containers,"StopCocks | completely water-tight, easily operated","PE, PP, PTFE",3 3/4’’ inner thread cap nut        3/4’’ outer thread Code N4,,42
0525-1316,Containers,"StopCocks | completely water-tight, easily operated","PE, PP, PTFE",Hose nozzle StopCock 16 mm Code N4,,42
0525-7000,Containers,"StopCocks | completely water-tight, easily operated","PE, PP, PTFE",4 3/4’’ inner thread cap nut        3/4’’ inner thread cap nut Code N4,,42
0525-1400,Containers,"StopCocks | completely water-tight, easily operated","PE, PP, PTFE",Discharge angle Code N4,,42
0530-1000,Containers,Compact spigot,"PE, PP, PTFE",3/4’’ inner thread cap nut Code N4,Acids/alkalis,43
0435-0001,Containers,Compact jerrycan & StopCock set                                       Compact jerrycan & Compact stop cock set,,5 Code N4,,44
0435-3000,Containers,Compact jerrycan & StopCock set                                       Compact jerrycan & Compact stop cock set,,5 Code N4,,44
0435-0010,Containers,Compact jerrycan & StopCock set                                       Compact jerrycan & Compact stop cock set,,10 Code N4,,44
0435-3010,Containers,Compact jerrycan & StopCock set                                       Compact jerrycan & Compact stop cock set,,10 Code N4,,44
5602-1000,Containers,"Compact jerrycan set, electroconductive                                            StopCock PA, electroconductive","PA, PTFE",Anti-static set Code N4,Solvents,45
0006-4514,Containers,Ball valve PP                                                           Ball valves PP for barrels,"FKM, PP, PTFE","Sealing tape PTFE, width 12 mm, length 12 m Code N3",,46
0533-0010,Containers,"Ball valve PP, food                                                                                     Spigot “Air”","EPDM, NBR, PE, PP, PTFE",Code N3,,47
0535-0020,Containers,Stainless steel spigot                                                                Spigot “Brass”,"AISI 304, Brass, FKM, NBR, PTFE, Stainless steel, stainless steel",Code N4,Petrochemicals,48
0535-0010,Containers,Stainless steel spigot                                                                Spigot “Brass”,"AISI 304, Brass, FKM, NBR, PTFE, Stainless steel, stainless steel",Code N4,Petrochemicals,48
0600-0020,Containers,Adapter set LaboPlast ®                      Thread adapters LaboPlast ® 3/4”,"PE, PP, PVC",2       20x4 (Kautex)                                      G 3/4“                  blue          PP Code N4,,49
0600-0050,Containers,Adapter set LaboPlast ®                      Thread adapters LaboPlast ® 3/4”,"PE, PP, PVC",Code N4,,49
0600-0150,Containers,Adapter set LaboPlast ®                      Thread adapters LaboPlast ® 3/4”,"PE, PP, PVC","3       G 3/4""                                             G 3/4“                  black         PP Code N4",,49
0600-0030,Containers,Adapter set LaboPlast ®                      Thread adapters LaboPlast ® 3/4”,"PE, PP, PVC","4       R 3/4""                                             G 3/4“                  green         PP Code N4",,49
0600-0094,Containers,Adapter set LaboPlast ®                      Thread adapters LaboPlast ® 3/4”,"PE, PP, PVC",5       S 56x4 (Tri-Sure)                                  G 3/4“                  green/white   PP/PE Code N4,,49
0600-0120,Containers,Adapter set LaboPlast ®                      Thread adapters LaboPlast ® 3/4”,"PE, PP, PVC",6       S 70x6 (Mauser)                                    G 3/4“                  green/white   PP/PE Code N4,,49
0600-0190,Containers,Adapter set LaboPlast ®                      Thread adapters LaboPlast ® 3/4”,"PE, PP, PVC","7       G 2""                                               G 3/4“                  green/white   PP/PE Code N4",,49
0600-0090,Containers,Adapter set LaboPlast ®                      Thread adapters LaboPlast ® 3/4”,"PE, PP, PVC","8       G 3/4""                                                                     grey          PVC Code N4",,49
0600-0001,Containers,Adapter set LaboPlast ®                      Thread adapters LaboPlast ® 3/4”,"PE, PP, PVC",9       hexagonal key for thread adapter                                           blue          PP Code N4,,49
0534-0020,Containers,"Spigot Jumbo, with tap                                                Barrel valve","NBR, PE, PP",Code N4,,50
0536-0010,Containers,"Spigot Jumbo, with tap                                                Barrel valve","NBR, PE, PP",Code N4,,50
0534-0001,Containers,IBC discharge valves,"PA, PP",Code N3,,51
5618-1000,Containers,Drain safety stand                               General pump accessories,"PE, PP, PTFE",117               35 Code N4,Acids/alkalis,52
8538-0200,Containers,Drain safety stand                               General pump accessories,"PE, PP, PTFE",2”                   ﬁts outer thread                10 Code N3,Acids/alkalis,52
8539-0012,Containers,Drain safety stand                               General pump accessories,"PE, PP, PTFE",1/2’’                ﬁts inner thread                10 Code N3,Acids/alkalis,52
8539-0034,Containers,Drain safety stand                               General pump accessories,"PE, PP, PTFE",3/4’’                ﬁts inner thread                10 Code N3,Acids/alkalis,52
8539-0100,Containers,Drain safety stand                               General pump accessories,"PE, PP, PTFE",1’’                  ﬁts inner thread                10 Code N3,Acids/alkalis,52
2507-0002,Containers,"Rubiflex protective gloves                                     Protective gloves nitrile                   Plastic apron, PVC",PVC,1 standard                37 Code N3,Solvents,53
2507-0004,Containers,"Rubiflex protective gloves                                     Protective gloves nitrile                   Plastic apron, PVC",PVC,Code N3,Solvents,53
2507-1001,Containers,"Rubiflex protective gloves                                     Protective gloves nitrile                   Plastic apron, PVC",PVC,Code N3,Solvents,53
2507-0003,Containers,"Rubiflex protective gloves                                     Protective gloves nitrile                   Plastic apron, PVC",PVC,2 long wrist              60 Code N3,Solvents,53
5618-0200,Pumps,Drum holder | for setting down containers                                                   SafetyBox,"AISI 304, Stainless steel, stainless steel",Code N4,,54
2507-9000,Pumps,Drum holder | for setting down containers                                                   SafetyBox,"AISI 304, Stainless steel, stainless steel",Code N3,,54
2515-0100,Pumps,Eyes Fresh mini eyewash station                                                         Eye rinsing bottle,PE,Press button for normal use Code N4,,55
2507-2001,Pumps,Eyes Fresh mini eyewash station                                                         Eye rinsing bottle,PE,Code N3,,55
2502-4000,Pumps,Eye protection / safety goggles,,"fect fit without pressure points, lateral safety shields    blue Code N3",,56
2502-1009,Pumps,Eye protection / safety goggles,,ment. Suitable for all spectacles and panoramic gog-        black Code N3,,57
5316-1055,Samplers,Zone samplers | for all kinds of bulk goods,"AISI 316L, Aluminium, PTFE, aluminium, stainless steel",sampling depth.                                                       AISI 316L/PTFE       55         430         1              17 Code N4,,63
5316-1085,Samplers,Zone samplers | for all kinds of bulk goods,"AISI 316L, Aluminium, PTFE, aluminium, stainless steel",AISI 316L/PTFE       85         710         1              17 Code N4,,63
5316-1150,Samplers,Zone samplers | for all kinds of bulk goods,"AISI 316L, Aluminium, PTFE, aluminium, stainless steel",AISI 316L/PTFE       150        1355        1              17 Code N4,,63
5304-0040,Samplers,Jumbo Sampler                                                                                                     Depth stop for samplers,"AISI 304, Aluminium, PP, PTFE, PVC, aluminium, stainless steel",25                            40                               PVC/stainless steel Code N4,,64
5304-0060,Samplers,Jumbo Sampler                                                                                                     Depth stop for samplers,"AISI 304, Aluminium, PP, PTFE, PVC, aluminium, stainless steel",25                            60                               PVC/stainless steel Code N4,,64
5304-0080,Samplers,Jumbo Sampler                                                                                                     Depth stop for samplers,"AISI 304, Aluminium, PP, PTFE, PVC, aluminium, stainless steel",25                            80                               PVC/stainless steel Code N4,,64
5304-0100,Samplers,Jumbo Sampler                                                                                                     Depth stop for samplers,"AISI 304, Aluminium, PP, PTFE, PVC, aluminium, stainless steel",25                            100                              PVC/stainless steel Code N4,,64
5304-5100,Samplers,Jumbo Sampler                                                                                                     Depth stop for samplers,"AISI 304, Aluminium, PP, PTFE, PVC, aluminium, stainless steel",50                            100                              PVC/stainless steel Code N4,,64
5304-5300,Samplers,Jumbo Sampler                                                                                                     Depth stop for samplers,"AISI 304, Aluminium, PP, PTFE, PVC, aluminium, stainless steel",Quali-Paper for zone sampler            Cleaning brushes                      50                            300                              PVC/stainless steel Code N4,,64
5317-0001,Samplers,Zone sampler Spiralus                                                              EasySampler | easy to empty,"AISI 316L, Aluminium, PA, Stainless steel",Quali-Paper Code N4,,65
5360-0600,Samplers,Zone sampler Spiralus                                                              EasySampler | easy to empty,"AISI 316L, Aluminium, PA, Stainless steel",60                  100               32 Code N4,,65
5360-1000,Samplers,Zone sampler Spiralus                                                              EasySampler | easy to empty,"AISI 316L, Aluminium, PA, Stainless steel","200                 104,5             32 Code N4",,65
5310-0003,Samplers,All-layer drill                                                                        Core Sampler,"AISI 316, AISI 316L, Stainless steel, stainless steel",800                 25                  230 Code N4,,66
5304-0100,Samplers,All-layer drill                                                                        Core Sampler,"AISI 316, AISI 316L, Stainless steel, stainless steel","Cleaning brushes 25 mm dia., length 100 cm Code N4",,66
5347-0025,Samplers,All-layer-scratcher                                                             Scratcher | for non-pourable substances,"AISI 316L, PTFE, Stainless steel, stainless steel",25                  110                32 Code N2,,67
5304-0100,Samplers,All-layer-scratcher                                                             Scratcher | for non-pourable substances,"AISI 316L, PTFE, Stainless steel, stainless steel","Cleaning brushes 25 mm dia., length 100 cm Code N4",,67
5302-0316,Samplers,PowderProof ® | mobile powder sampling,"AISI
                                                  301, AISI 316L, LDPE, Stainless steel","Spiral screw for PowderProof® for powders up to 2 mm dia., for 300 mm Code N2",,69
5302-0616,Samplers,PowderProof ® | mobile powder sampling,"AISI
                                                  301, AISI 316L, LDPE, Stainless steel","Spiral screw for PowderProof® for powders up to 2 mm dia., for 600 mm Code N2",,69
5302-0916,Samplers,PowderProof ® | mobile powder sampling,"AISI
                                                  301, AISI 316L, LDPE, Stainless steel","Spiral screw for PowderProof® for powders up to 2 mm dia., for 900 mm Code N2",,69
5302-1216,Samplers,PowderProof ® | mobile powder sampling,"AISI
                                                  301, AISI 316L, LDPE, Stainless steel","Spiral screw for PowderProof® for powders up to 2 mm dia., for 1200 mm Code N2",,69
5302-0317,Samplers,PowderProof ® | mobile powder sampling,"AISI
                                                  301, AISI 316L, LDPE, Stainless steel","Spiral screw for PowderProof® for granules 2 - 4 mm dia., for 300 mm Code N2",,69
5302-0617,Samplers,PowderProof ® | mobile powder sampling,"AISI
                                                  301, AISI 316L, LDPE, Stainless steel","Spiral screw for PowderProof® for granules 2 - 4 mm dia., for 600 mm Code N2",,69
5302-0917,Samplers,PowderProof ® | mobile powder sampling,"AISI
                                                  301, AISI 316L, LDPE, Stainless steel","Spiral screw for PowderProof® for granules 2 - 4 mm dia., for 900 mm Code N2",,69
5302-1217,Samplers,PowderProof ® | mobile powder sampling,"AISI
                                                  301, AISI 316L, LDPE, Stainless steel","Spiral screw for PowderProof® for granules 2 - 4 mm dia., for 1200 mm Code N2",,69
3600-2120,Samplers,PowderProof ® | mobile powder sampling,"AISI
                                                  301, AISI 316L, LDPE, Stainless steel",Transport case LxWxH 123x25x11 cm Code N4,,69
0318-0500,Samplers,PowderProof ® | mobile powder sampling,"AISI
                                                  301, AISI 316L, LDPE, Stainless steel",Sampling bottle LDPE 500 ml Code N3,,69
0318-1000,Samplers,PowderProof ® | mobile powder sampling,"AISI
                                                  301, AISI 316L, LDPE, Stainless steel",Sampling bottle LDPE 1000 ml Code N3,,69
5302-2055,Samplers,PowderProof ® | mobile powder sampling,"AISI
                                                  301, AISI 316L, LDPE, Stainless steel","Basket for sample bottles 500 ml, Ø 84 mm, incl. holding ring Code N2",,69
5302-2105,Samplers,PowderProof ® | mobile powder sampling,"AISI
                                                  301, AISI 316L, LDPE, Stainless steel","Basket for sample bottles 1000 ml, Ø 100 mm, incl. holding ring Code N2",,69
5338-0001,Samplers,PowderProof ® | mobile powder sampling,"AISI
                                                  301, AISI 316L, LDPE, Stainless steel","Clamp for sampling bags, Ø 25 Code N2",,69
2348-0006,Samplers,PowderProof ® | mobile powder sampling,"AISI
                                                  301, AISI 316L, LDPE, Stainless steel","Packaging bags with closure, 220x160 mm, 1000 ml, 100 pieces Code N3",,69
5301-0500,Samplers,Samplers for silos,"AISI 304, aluminium, stainless steel","SiloDrill extension AISI 304, 100 cm Code N4",,70
3600-2120,Samplers,Samplers for silos,"AISI 304, aluminium, stainless steel",Transport case LxWxH 123x25x11 cm Code N4,,70
5380-0508,Samplers,Silo sampler SiloPicker,"AISI 316L, Stainless steel","2. When the sampling depth has been reached, the closure sleeve is opened by         SiloPicker extension 50 cm Code N4",,71
5380-1008,Samplers,Silo sampler SiloPicker,"AISI 316L, Stainless steel","gently pulling back the SiloPicker, the sampling container is filled.             SiloPicker extension 100 cm Code N4",,71
3600-2120,Samplers,Silo sampler SiloPicker,"AISI 316L, Stainless steel",3. Pull out the SiloPicker and empty it.                                             Transport case LxWxH 123x25x11 cm Code N4,,71
3600-2120,Samplers,Novartos | pharma zone sampler for sampling according to FDA guidelines for unit-dose sampling,,sample volumes on request.)                                                Transport case LxWxH 123x25x11 cm Code N4,,73
5358-1011,Samplers,Novartos | pharma zone sampler for sampling according to FDA guidelines for unit-dose sampling,,zerland.               Novartos head (not rounded) Code N4,,73
5307-0102,Containers,"MicroSampler | useful for taking small samples, sterilisable","AISI 316L, Stainless steel","MicroSampler heads ﬁts tube with 12 mm dia., capacity 0.2 ml Code N4",,74
5307-0105,Containers,"MicroSampler | useful for taking small samples, sterilisable","AISI 316L, Stainless steel","the sample flows in.                              MicroSampler heads ﬁts tube with 12 mm dia., capacity 0.5 ml Code N4",,74
5307-0110,Containers,"MicroSampler | useful for taking small samples, sterilisable","AISI 316L, Stainless steel","3. Close the volume tip, the sample is               MicroSampler heads ﬁts tube with 12 mm dia., capacity 1 ml Code N4",,74
5307-0202,Containers,"MicroSampler | useful for taking small samples, sterilisable","AISI 316L, Stainless steel","MicroSampler heads ﬁts tube with 25 mm dia., capacity 2 ml Code N4",,74
5307-0205,Containers,"MicroSampler | useful for taking small samples, sterilisable","AISI 316L, Stainless steel","MicroSampler heads ﬁts tube with 25 mm dia., capacity 5 ml Code N4",,74
5307-0210,Containers,"MicroSampler | useful for taking small samples, sterilisable","AISI 316L, Stainless steel","4. Pull back the lance, open the volume              MicroSampler heads ﬁts tube with 25 mm dia., capacity 10 ml Code N4",,74
5380-0506,Containers,PharmaPicker | for sampling very small quantities,"AISI 316L, Stainless steel",Extension rod PharmaPicker 500 mm Code N4,,75
5380-1006,Containers,PharmaPicker | for sampling very small quantities,"AISI 316L, Stainless steel","point, and the desired sample is collected.                          Extension rod PharmaPicker 1000 mm Code N4",,75
5346-1001,Containers,PharmaPicker | for sampling very small quantities,"AISI 316L, Stainless steel","4. Withdraw the PharmaPicker completely.                                Collection cylinder for 0.10–1.20 ml, without volume head Code N2",,75
5346-2001,Containers,PharmaPicker | for sampling very small quantities,"AISI 316L, Stainless steel","Collection cylinder for 1.25–2.50 ml, without volume head Code N2",,75
0006-8113,Containers,PharmaPicker | for sampling very small quantities,"AISI 316L, Stainless steel",Handle PharmaPicker Code N3,,75
5346-3100,Containers,Powder sampler Mini                                                    PharmaSpoon | for ultrapure sampling,"AISI 316L, stainless steel","0,1               300         6 Code N4",Ultra-pure media,76
5324-0001,Containers,Powder sampler Mini                                                    PharmaSpoon | for ultrapure sampling,"AISI 316L, stainless steel",650 Code N2,Ultra-pure media,76
5321-0300,Containers,Sampling lance Milky | acc. to EN ISO 707                                          StickProof,"AISI
                                                                                   316L, AISI 316L, PE, Stainless steel, stainless steel",150 Code N4,,77
0318-0250,Containers,QuickPicker | collects samples quickly and channels them directly into the sampling bottle,"AISI 316L, LDPE, PE, PP, stainless steel","Sampling bottle LDPE, 250 ml Code N3",Aggressive chemicals,79
0319-0250,Containers,QuickPicker | collects samples quickly and channels them directly into the sampling bottle,"AISI 316L, LDPE, PE, PP, stainless steel","Sampling bottle PP, 250 ml Code N3",Aggressive chemicals,79
3600-3000,Containers,QuickPicker | collects samples quickly and channels them directly into the sampling bottle,"AISI 316L, LDPE, PE, PP, stainless steel",Transport case for QuickPicker Code N3,Aggressive chemicals,79
5303-9100,Containers,close-it control seal | essential for sampling bulk goods,aluminium,The rear of the label is coated      close-it dispenser for labels with 150 x 150 mm Code N4,,81
5303-9100,Containers,Control seal close-it food & pharma,aluminium,close-it dispenser for labels with 150 x 150 mm Code N4,,82
5303-9000,Containers,close-it tape,,close-it dispenser for labels with 95 x 95 mm Code N4,,83
5303-9100,Containers,close-it tape,,close-it dispenser for labels with 150 x 150 mm Code N4,,83
5399-0003,Containers,seal-it security seal | for retention samples                                                  close-it dispenser,aluminium,178                     30                red                500 Code N4,,85
5303-9000,Containers,seal-it security seal | for retention samples                                                  close-it dispenser,aluminium,for labels with 95 x 95 mm Code N4,,85
5303-9100,Containers,seal-it security seal | for retention samples                                                  close-it dispenser,aluminium,for labels with 150 x 150 mm Code N4,,85
5303-9000,Containers,Tamper proof labels safe-it,,close-it dispenser for labels with 95 x 95 mm Code N4,,86
5399-2902,Containers,SampleSafe seal | secure your samples                                                   Sealable wide-necked bottles,stainless steel,260               2                 red               100 Code N4,,87
5399-2902,Containers,SampleSafe seal | secure your samples                                                   Sealable wide-necked bottles,stainless steel,"SampleSafe seal, red, 100 pieces Code N4",,87
5369-0900,Containers,Pigment lance                                                                       Valve lance,"AISI 316L, Stainless steel",900               25                 480         1032 Code N4,,88
3600-2120,Containers,Pigment lance                                                                       Valve lance,"AISI 316L, Stainless steel",Transport case LxWxH 123x25x11 cm Code N4,,88
5369-0910,Containers,Pigment lance                                                                       Valve lance,"AISI 316L, Stainless steel",900               50                 273         1032 Code N4,,88
3600-0021,Containers,QualiRod conical                                                       QualiRod cylindrical,"AISI 304, AISI420, Stainless steel","Transport case, inner dimensions 258x178x45 mm Code N3",,89
5383-1000,Containers,Stainless steel spatula                                                                Palette knife spatula,"AISI 304, AISI 316L, Stainless steel, stainless
                                                                                       steel, stainless steel",188                       50                    300 Code N4,,90
5386-0010,Containers,Stainless steel spatula                                                                Palette knife spatula,"AISI 304, AISI 316L, Stainless steel, stainless
                                                                                       steel, stainless steel",200 x 21 Code N4,,90
5386-0012,Containers,Stainless steel spatula                                                                Palette knife spatula,"AISI 304, AISI 316L, Stainless steel, stainless
                                                                                       steel, stainless steel",250 x 25 Code N4,,90
5341-1002,Containers,Spatula                                                  Mini ViscoSampler | for small quantities,"AISI 304, AISI 316L, PTFE, Stainless steel, stainless steel","Suction heads for Mini ViscoSampler, suction drill 2 mm Code N4",,91
5341-1004,Containers,Spatula                                                  Mini ViscoSampler | for small quantities,"AISI 304, AISI 316L, PTFE, Stainless steel, stainless steel","Suction heads for Mini ViscoSampler, suction drill 4 mm Code N4",,91
5341-1006,Containers,Spatula                                                  Mini ViscoSampler | for small quantities,"AISI 304, AISI 316L, PTFE, Stainless steel, stainless steel","Suction heads for Mini ViscoSampler, suction drill 6 mm Code N4",,91
5618-1000,Containers,Spatula                                                  Mini ViscoSampler | for small quantities,"AISI 304, AISI 316L, PTFE, Stainless steel, stainless steel",Drain safety stand (see page 50) Code N4,,91
5304-0100,Containers,ViscoSampler | sample collector for medium viscosity substances,"FEP, PP, PTFE","Cleaning brushes 25 mm dia., length 100 cm Code N4",,92
5330-1000,Containers,ViscoSampler | sample collector for medium viscosity substances,"FEP, PP, PTFE",PP Code N4,,92
5618-1000,Containers,ViscoSampler | sample collector for medium viscosity substances,"FEP, PP, PTFE",Drain safety stand (see page 50) Code N4,,92
5330-1001,Containers,ViscoSampler | sample collector for medium viscosity substances,"FEP, PP, PTFE",PTFE / FEP Code N4,,92
5304-0100,Containers,LiquiSampler | sample collector for liquids,"FEP, PP, PTFE","Cleaning brushes 25 mm dia., length 100 cm Code N4",Ultra-pure media,93
5315-0050,Containers,"Dip Sampler, plunging siphon",PP,140                            50                                25 Code N4,,94
5315-0100,Containers,"Dip Sampler, plunging siphon",PP,280                            100                               25 Code N4,,94
5315-0200,Containers,"Dip Sampler, plunging siphon",PP,500                            100 - 200                         25 Code N4,,94
5389-0001,Containers,Disposable plunging siphon                                                   PTFE Scoop,"PE, PTFE","Extension for PTFE scoop, 60 cm Code N2",,95
5353-0250,Containers,Chemistry scoop                                                         Stainless steel scoop,"AISI 304, Stainless steel, stainless steel",250 Code N4,Aggressive chemicals,96
5354-1000,Containers,Chemistry scoop                                                         Stainless steel scoop,"AISI 304, Stainless steel, stainless steel",115                          1000 Code N4,Aggressive chemicals,96
5353-0500,Containers,Chemistry scoop                                                         Stainless steel scoop,"AISI 304, Stainless steel, stainless steel",600 Code N4,Aggressive chemicals,96
5353-1000,Containers,Chemistry scoop                                                         Stainless steel scoop,"AISI 304, Stainless steel, stainless steel",1000 Code N4,Aggressive chemicals,96
5355-0120,Containers,TeleScoop | for industry and water treatment,"aluminium, stainless steel", Springs made of stainless steel                                          65-120 cm                               2 Code N4,,97
5355-0180,Containers,TeleScoop | for industry and water treatment,"aluminium, stainless steel",70-180 cm                               4 Code N4,,97
5355-0250,Containers,TeleScoop | for industry and water treatment,"aluminium, stainless steel",125-250 cm                              2 Code N4,,97
5355-0280,Containers,TeleScoop | for industry and water treatment,"aluminium, stainless steel",95-280 cm                               4 Code N4,,97
5355-0300,Containers,TeleScoop | for industry and water treatment,"aluminium, stainless steel",115-300 cm                              3 Code N4,,97
5355-0450,Containers,TeleScoop | for industry and water treatment,"aluminium, stainless steel",165-450 cm                              3 Code N4,,97
5355-0600,Containers,TeleScoop | for industry and water treatment,"aluminium, stainless steel",175-600 cm                              4 Code N4,,97
5354-0050,Containers,TeleScoop | for industry and water treatment,"AISI 304, PA, PP, Stainless steel",1       Scoop angular beaker                                     600 Code N4,,98
5354-0100,Containers,TeleScoop | for industry and water treatment,"AISI 304, PA, PP, Stainless steel",1       Scoop angular beaker                                     1000 Code N4,,98
5354-0200,Containers,TeleScoop | for industry and water treatment,"AISI 304, PA, PP, Stainless steel",1       Scoop angular beaker                                     2000 Code N4,,98
5354-5050,Containers,TeleScoop | for industry and water treatment,"AISI 304, PA, PP, Stainless steel",2       Pendulum beaker PP                                       600 Code N4,,98
5354-5100,Containers,TeleScoop | for industry and water treatment,"AISI 304, PA, PP, Stainless steel",2       Pendulum beaker PP                                       1000 Code N4,,98
5354-5200,Containers,TeleScoop | for industry and water treatment,"AISI 304, PA, PP, Stainless steel",2       Pendulum beaker PP                                       2000 Code N4,,98
5354-3000,Containers,TeleScoop | for industry and water treatment,"AISI 304, PA, PP, Stainless steel",3       Pendulum beaker AISI 304                                 1000 Code N4,,98
5354-4100,Containers,TeleScoop | for industry and water treatment,"AISI 304, PA, PP, Stainless steel",4       Bottle holder                                            750 Code N4,,98
5354-2000,Containers,TeleScoop | for industry and water treatment,"AISI 304, PA, PP, PVC, Stainless steel",5       Stainless steel beaker             1000 Code N4,,99
5354-5020,Containers,TeleScoop | for industry and water treatment,"AISI 304, PA, PP, PVC, Stainless steel",7       Surface catch net Code N4,,99
5354-2010,Containers,TeleScoop | for industry and water treatment,"AISI 304, PA, PP, PVC, Stainless steel","6       Stainless steel beaker, extended   1000 Code N4",,99
5354-5010,Containers,TeleScoop | for industry and water treatment,"AISI 304, PA, PP, PVC, Stainless steel",8       Depth catch net Code N4,,99
5326-0001,Containers,Liquid-Sampler | single hand operation,AISI 316L,46                 32                    50 Code N4,,100
5326-0003,Containers,Liquid-Sampler | single hand operation,AISI 316L,32                  45.5              50 Code N4,,100
5326-0002,Containers,Liquid-Sampler | single hand operation,AISI 316L,54                 32                    100 Code N4,,100
5326-0004,Containers,Liquid-Sampler | single hand operation,AISI 316L,32                  53.5              100 Code N4,,100
5336-0100,Containers,"Sampler Liquid CupSampler                                                  ChemoSampler | for acids, alkalis, detergents","AISI 316L, PE, PP, stainless steel",Extension for ChemoSampler 100 cm Code N4,Acids/alkalis,101
0342-0500,Containers,"Sampler Liquid CupSampler                                                  ChemoSampler | for acids, alkalis, detergents","AISI 316L, PE, PP, stainless steel","Sampling bottle PE, 500 ml Code N3",Acids/alkalis,101
0342-1000,Containers,"Sampler Liquid CupSampler                                                  ChemoSampler | for acids, alkalis, detergents","AISI 316L, PE, PP, stainless steel","Sampling bottle PE, 1000 ml Code N3",Acids/alkalis,101
5327-0508,Containers,Vampire Sampler | for sampling liquids in the field,"LDPE, PE","Suction hose Marprene, 1 m Code N2",,103
0318-0500,Containers,Vampire Sampler | for sampling liquids in the field,"LDPE, PE",Sampling bottle LDPE 500 ml Code N3,,103
0318-1000,Containers,Vampire Sampler | for sampling liquids in the field,"LDPE, PE",Sampling bottle LDPE 1000 ml Code N3,,103
8805-0608,Containers,Vampire Sampler | for sampling liquids in the field,"LDPE, PE","Suction hose PE on roll 6 x 8 mm, roll with 10 m Code N3",,103
8878-0608,Containers,Vampire Sampler | for sampling liquids in the field,"LDPE, PE","Suction hose PE on roll 6 x 8 mm, roll with 100 m Code N3",,103
5302-2051,Containers,Vampire Sampler | for sampling liquids in the field,"LDPE, PE","Basket for sample bottles 500 ml, Ø 84 mm Code N2",,103
5302-2101,Containers,Vampire Sampler | for sampling liquids in the field,"LDPE, PE","Basket for sample bottles 1000 ml, Ø 100 mm Code N2",,103
5305-0010,Containers,MiniSampler PE | for general sampling                                      MiniSampler PTFE | for ultrapure sampling,"AISI 304, PE, PP, PTFE, brass, stainless steel",MiniSampler pump with adapter PP Code N4,Ultra-pure media,105
5305-0010,Containers,MiniSampler PE | for general sampling                                      MiniSampler PTFE | for ultrapure sampling,"AISI 304, PE, PP, PTFE, brass, stainless steel",MiniSampler pump with adapter PP Code N4,Ultra-pure media,105
5305-0011,Containers,MiniSampler PE | for general sampling                                      MiniSampler PTFE | for ultrapure sampling,"AISI 304, PE, PP, PTFE, brass, stainless steel",MiniSampler standard pump Code N4,Ultra-pure media,105
5305-0011,Containers,MiniSampler PE | for general sampling                                      MiniSampler PTFE | for ultrapure sampling,"AISI 304, PE, PP, PTFE, brass, stainless steel",MiniSampler standard pump Code N4,Ultra-pure media,105
5305-0209,Containers,MiniSampler PE | for general sampling                                      MiniSampler PTFE | for ultrapure sampling,"AISI 304, PE, PP, PTFE, brass, stainless steel",PTFE MiniSampler adapter for glass thread GL 45 Code N4,Ultra-pure media,105
5305-0209,Containers,MiniSampler PE | for general sampling                                      MiniSampler PTFE | for ultrapure sampling,"AISI 304, PE, PP, PTFE, brass, stainless steel",PTFE MiniSampler adapter for glass thread GL 45 Code N4,Ultra-pure media,105
6205-0180,Containers,MiniSampler PE | for general sampling                                      MiniSampler PTFE | for ultrapure sampling,"AISI 304, PE, PP, PTFE, brass, stainless steel",MiniSampler adapter PTFE for sample tubes PFA,Ultra-pure media,105
5305-1020,Containers,MiniSampler PE | for general sampling                                      MiniSampler PTFE | for ultrapure sampling,"AISI 304, PE, PP, PTFE, brass, stainless steel",Code N2,Ultra-pure media,105
6205-0180,Containers,MiniSampler PE | for general sampling                                      MiniSampler PTFE | for ultrapure sampling,"AISI 304, PE, PP, PTFE, brass, stainless steel",MiniSampler adapter PTFE for sample tubes PFA,Ultra-pure media,105
5305-1020,Containers,MiniSampler PE | for general sampling                                      MiniSampler PTFE | for ultrapure sampling,"AISI 304, PE, PP, PTFE, brass, stainless steel",Code N2,Ultra-pure media,105
0006-9506,Containers,MiniSampler PE | for general sampling                                      MiniSampler PTFE | for ultrapure sampling,"AISI 304, PE, PP, PTFE, brass, stainless steel",Hose cutter Code N3,Ultra-pure media,105
0006-9506,Containers,MiniSampler PE | for general sampling                                      MiniSampler PTFE | for ultrapure sampling,"AISI 304, PE, PP, PTFE, brass, stainless steel",Hose cutter Code N3,Ultra-pure media,105
0340-0100,Containers,MiniSampler PE | for general sampling                                      MiniSampler PTFE | for ultrapure sampling,"AISI 304, PE, PP, PTFE, brass, stainless steel","Sampling bottle HDPE, 100 ml Code N3",Ultra-pure media,105
6205-0180,Containers,MiniSampler PE | for general sampling                                      MiniSampler PTFE | for ultrapure sampling,"AISI 304, PE, PP, PTFE, brass, stainless steel","Sample boxes PFA, 180 ml Code N3",Ultra-pure media,105
0340-0250,Containers,MiniSampler PE | for general sampling                                      MiniSampler PTFE | for ultrapure sampling,"AISI 304, PE, PP, PTFE, brass, stainless steel","Sampling bottle HDPE, 250 ml Code N3",Ultra-pure media,105
8804-0608,Containers,MiniSampler PE | for general sampling                                      MiniSampler PTFE | for ultrapure sampling,"AISI 304, PE, PP, PTFE, brass, stainless steel","Suction hose PTFE on roll 6 x 8 mm, roll with 5 m Code N3",Ultra-pure media,105
8805-0608,Containers,MiniSampler PE | for general sampling                                      MiniSampler PTFE | for ultrapure sampling,"AISI 304, PE, PP, PTFE, brass, stainless steel","Suction hose PE on roll 6 x 8 mm, roll with 10 m Code N3",Ultra-pure media,105
8878-0608,Containers,MiniSampler PE | for general sampling                                      MiniSampler PTFE | for ultrapure sampling,"AISI 304, PE, PP, PTFE, brass, stainless steel","Suction hose PE on roll 6 x 8 mm, roll with 100 m Code N3",Ultra-pure media,105
5305-1022,Containers,ProfiSampler | vacuum-operated sample collector for robust industrial use,"AISI 304, Aluminium, PA, PE, PP, PTFE, aluminium, brass, stainless steel","3 Straight suction tube, PE transparent, 200 cm, 10 pieces Code N4",Flammable liquids,107
5305-1024,Containers,ProfiSampler | vacuum-operated sample collector for robust industrial use,"AISI 304, Aluminium, PA, PE, PP, PTFE, aluminium, brass, stainless steel","3 Straight suction tube, PA black, electrical conductive, 220 cm, 10 pieces Code N4",Flammable liquids,107
5305-1029,Containers,ProfiSampler | vacuum-operated sample collector for robust industrial use,"AISI 304, Aluminium, PA, PE, PP, PTFE, aluminium, brass, stainless steel",4 Transport case for straight suction tubes Code N4,Flammable liquids,107
0319-0252,Containers,ProfiSampler | vacuum-operated sample collector for robust industrial use,"AISI 304, Aluminium, PA, PE, PP, PTFE, aluminium, brass, stainless steel",PP sampling bottle ProﬁSampler Code N3,Flammable liquids,107
8805-0608,Containers,ProfiSampler | vacuum-operated sample collector for robust industrial use,"AISI 304, Aluminium, PA, PE, PP, PTFE, aluminium, brass, stainless steel","Suction hose PE on roll 6 x 8 mm, roll with 10 m Code N3",Flammable liquids,107
8878-0608,Containers,ProfiSampler | vacuum-operated sample collector for robust industrial use,"AISI 304, Aluminium, PA, PE, PP, PTFE, aluminium, brass, stainless steel","Suction hose PE on roll 6 x 8 mm, roll with 100 m Code N3",Flammable liquids,107
0319-0250,Containers,UniSampler with hose                                                   UniSampler “Ex”,"AISI 304, NBR, PP, PVC, brass, stainless steel","Sampling bottle PP, 250 ml Code N3",Flammable liquids,108
5314-0100,Containers,UniSampler with hose                                                   UniSampler “Ex”,"AISI 304, NBR, PP, PVC, brass, stainless steel","Glass sampling bottle 1000 ml, GL 45 Code N3",Flammable liquids,108
0319-0100,Containers,UniSampler with suction lance                                                            Bürkle – Behind the scenes,"PP, PVC","Sampling bottle PP, 100 ml Code N3",,109
0319-0500,Containers,UniSampler with suction lance                                                            Bürkle – Behind the scenes,"PP, PVC","Sampling bottle PP, 500 ml Code N3",,109
0319-1000,Containers,UniSampler with suction lance                                                            Bürkle – Behind the scenes,"PP, PVC","Sampling bottle PP, 1000 ml Code N3",,109
0319-0250,Containers,UniSampler with suction lance                                                            Bürkle – Behind the scenes,"PP, PVC","Sampling bottle PP, 250 ml Code N3",,109
5365-4000,Containers,Dipping bottles                                                          Dipping bottle,brass,1000                         148 Code N4,Flammable liquids,110
5365-3000,Containers,Dipping bottle Ex                                                           Immersion cylinder,,1000                                         89 Code N4,Petrochemicals,111
5365-7500,Containers,Dipping bottle Ex                                                           Immersion cylinder,,500               75                300               3000 Code N4,Petrochemicals,111
5365-7000,Containers,Dipping bottle Ex                                                           Immersion cylinder,,1000              75                450               4300 Code N4,Petrochemicals,111
5365-1000,Containers,Dipping vessel                                                                                  Mini immersion cylinder,"AISI 304, Stainless steel, brass, stainless steel",brass                      82        2300 Code N4,,112
5365-5000,Containers,Dipping vessel                                                                                  Mini immersion cylinder,"AISI 304, Stainless steel, brass, stainless steel",50                  32                 180 Code N4,,112
5365-2000,Containers,Dipping vessel                                                                                  Mini immersion cylinder,"AISI 304, Stainless steel, brass, stainless steel",stainless steel AISI 304   82        2000 Code N4,,112
5365-6000,Containers,Target immersion cylinder                                                 AquaSampler,"FEP, PTFE",500                 75                 210 Code N4,Ultra-pure media,113
5308-0350,Containers,Target immersion cylinder                                                 AquaSampler,"FEP, PTFE",350                40                 46 Code N4,Ultra-pure media,113
5308-0700,Containers,Target immersion cylinder                                                 AquaSampler,"FEP, PTFE",700                76                 46 Code N4,Ultra-pure media,113
5308-1050,Containers,Target immersion cylinder                                                 AquaSampler,"FEP, PTFE",1050               107                46 Code N4,Ultra-pure media,113
5309-0010,Containers,Manually-operated reels                                                                                                 Lowering cables,"AISI 316L, Brass, PA, PP, PTFE, Stainless steel, stainless steel",1       Manually-operated reel PP Code N4,Flammable liquids,114
5309-0550,Containers,Manually-operated reels                                                                                                 Lowering cables,"AISI 316L, Brass, PA, PP, PTFE, Stainless steel, stainless steel",8 Stainless steel chains                               100        2.3 Code N4,Flammable liquids,114
5309-0020,Containers,Manually-operated reels                                                                                                 Lowering cables,"AISI 316L, Brass, PA, PP, PTFE, Stainless steel, stainless steel",2       Manually-operated reel PA Code N4,Flammable liquids,114
0006-5300,Containers,Manually-operated reels                                                                                                 Lowering cables,"AISI 316L, Brass, PA, PP, PTFE, Stainless steel, stainless steel",9 Snap hooks AISI 316L                                            5 Code N4,Flammable liquids,114
5309-0030,Containers,Manually-operated reels                                                                                                 Lowering cables,"AISI 316L, Brass, PA, PP, PTFE, Stainless steel, stainless steel",3       Manually-operated reel Ex with grounding cable Code N4,Flammable liquids,114
0006-5301,Containers,Manually-operated reels                                                                                                 Lowering cables,"AISI 316L, Brass, PA, PP, PTFE, Stainless steel, stainless steel",10 Brass shackle                                                  4.5 Code N4,Flammable liquids,114
5393-1120,Samplers,LiquiDispo                                                                   DispoPipette,,500           100           standard      20 Code N4,,116
5393-5500,Samplers,LiquiDispo                                                                   DispoPipette,,500            100            standard      20 Code N4,,116
5393-1121,Samplers,LiquiDispo                                                                   DispoPipette,,500           100           sterilised    20 Code N4,,116
5393-5501,Samplers,LiquiDispo                                                                   DispoPipette,,500            100            sterilised    20 Code N4,,116
5393-1130,Samplers,LiquiDispo                                                                   DispoPipette,,1000          200           standard      20 Code N4,,116
5393-5531,Samplers,LiquiDispo                                                                   DispoPipette,,1000           200            standard      20 Code N4,,116
5393-1131,Samplers,LiquiDispo                                                                   DispoPipette,,1000          200           sterilised    20 Code N4,,116
5393-5532,Samplers,LiquiDispo                                                                   DispoPipette,,1000           200            sterilised    20 Code N4,,116
5393-6620,Samplers,DispoTube                                                                    DispoLadle,,500           100           standard      20 Code N4,,117
5393-6640,Samplers,DispoTube                                                                    DispoLadle,,500               standard           20 Code N4,,117
5393-6621,Samplers,DispoTube                                                                    DispoLadle,,500           100           sterilised    20 Code N4,,117
5393-6641,Samplers,DispoTube                                                                    DispoLadle,,500               sterilised         20 Code N4,,117
5393-6630,Samplers,DispoTube                                                                    DispoLadle,,1000          200           standard      20 Code N4,,117
5393-6650,Samplers,DispoTube                                                                    DispoLadle,,1000              standard           20 Code N4,,117
5393-6631,Samplers,DispoTube                                                                    DispoLadle,,1000          200           sterilised    20 Code N4,,117
5393-6651,Samplers,DispoTube                                                                    DispoLadle,,1000              sterilised         20 Code N4,,117
5393-3320,Containers,ViscoDispo                                                                 PowderDispo,,500           100          standard     20 Code N4,,118
5393-5510,Containers,ViscoDispo                                                                 PowderDispo,,300           60            standard      20 Code N4,,118
5393-3321,Containers,ViscoDispo                                                                 PowderDispo,,500           100          sterilised   20 Code N4,,118
5393-5511,Containers,ViscoDispo                                                                 PowderDispo,,300           60            sterilised    20 Code N4,,118
5393-3330,Containers,ViscoDispo                                                                 PowderDispo,,1000          200          standard     20 Code N4,,118
5393-5522,Containers,ViscoDispo                                                                 PowderDispo,,500           100           standard      20 Code N4,,118
5393-3331,Containers,ViscoDispo                                                                 PowderDispo,,1000          200          sterilised   20 Code N4,,118
5393-5521,Containers,ViscoDispo                                                                 PowderDispo,,500           100           sterilised    20 Code N4,,118
5393-5540,Containers,DispoPicker                                                                  DispoLance,,300           60            standard      20 Code N4,,119
5393-5560,Containers,DispoPicker                                                                  DispoLance,,300                      standard     20 Code N4,,119
5393-5541,Containers,DispoPicker                                                                  DispoLance,,300           60            sterilised    20 Code N4,,119
5393-5561,Containers,DispoPicker                                                                  DispoLance,,300                      sterilised   20 Code N4,,119
5393-5550,Containers,DispoPicker                                                                  DispoLance,,500           100           standard      20 Code N4,,119
5393-5570,Containers,DispoPicker                                                                  DispoLance,,500                      standard     20 Code N4,,119
5393-5551,Containers,DispoPicker                                                                  DispoLance,,500           100           sterilised    20 Code N4,,119
5393-5571,Containers,DispoPicker                                                                  DispoLance,,500                      sterilised   20 Code N4,,119
5393-2240,Samplers,MicroDispo                                                                   MultiDispo,,500           10            standard      20 Code N4,,120
5393-4440,Samplers,MicroDispo                                                                   MultiDispo,,500           100           standard      20 Code N4,,120
5393-2241,Samplers,MicroDispo                                                                   MultiDispo,,500           10            sterilised    20 Code N4,,120
5393-4441,Samplers,MicroDispo                                                                   MultiDispo,,500           100           sterilised    20 Code N4,,120
5393-2250,Samplers,MicroDispo                                                                   MultiDispo,,1000          10            standard      20 Code N4,,120
5393-4450,Samplers,MicroDispo                                                                   MultiDispo,,1000          200           standard      20 Code N4,,120
5393-2251,Samplers,MicroDispo                                                                   MultiDispo,,1000          10            sterilised    20 Code N4,,120
5393-4451,Samplers,MicroDispo                                                                   MultiDispo,,1000          200           sterilised    20 Code N4,,120
5393-4460,Samplers,TargetDispo                                                                   ZoneDispo,,500           17            standard       20 Code N4,,121
5393-4420,Samplers,TargetDispo                                                                   ZoneDispo,,500            100           standard      20 Code N4,,121
5393-4461,Samplers,TargetDispo                                                                   ZoneDispo,,500           17            sterilised     20 Code N4,,121
5393-4421,Samplers,TargetDispo                                                                   ZoneDispo,,500            100           sterilised    20 Code N4,,121
5393-4470,Samplers,TargetDispo                                                                   ZoneDispo,,1000          17            standard       20 Code N4,,121
5393-4430,Samplers,TargetDispo                                                                   ZoneDispo,,1000           200           standard      20 Code N4,,121
5393-4471,Samplers,TargetDispo                                                                   ZoneDispo,,1000          17            sterilised     20 Code N4,,121
5393-4431,Samplers,TargetDispo                                                                   ZoneDispo,,1000           200           sterilised    20 Code N4,,121
5344-0060,Samplers,Sampling bag SteriBag | the sterilised packaging bag,,ples are guaranteed sterile.                             60            without labelling area   127 x 76    500 Code N3,,122
5344-0061,Samplers,Sampling bag SteriBag | the sterilised packaging bag,,Integrated safety: The tab-ends are sealed in plastic    60            with labelling area      127 x 76    500 Code N3,,122
5344-0180,Samplers,Sampling bag SteriBag | the sterilised packaging bag,,film to prevent skin injuries.                           150           without labelling area   178 x 76    500 Code N3,,122
5344-0181,Samplers,Sampling bag SteriBag | the sterilised packaging bag,,150           with labelling area      178 x 76    500 Code N3,,122
5344-0540,Samplers,Sampling bag SteriBag | the sterilised packaging bag,,450           without labelling area   229 x 114   500 Code N3,,122
5344-0541,Samplers,Sampling bag SteriBag | the sterilised packaging bag,,   Can be labelled                                      450           with labelling area      229 x 114   500 Code N3,,122
5344-0720,Samplers,Sampling bag SteriBag | the sterilised packaging bag,,   Save space                                           650           without labelling area   229 x 140   500 Code N3,,122
5344-0721,Samplers,Sampling bag SteriBag | the sterilised packaging bag,,650           with labelling area      229 x 140   500 Code N3,,122
5344-0810,Samplers,Sampling bag SteriBag | the sterilised packaging bag,,   With practical closure to tear-open                  800           without labelling area   305 x 114   500 Code N3,,122
5344-0811,Samplers,Sampling bag SteriBag | the sterilised packaging bag,,   Proven millions of times                             800           with labelling area      305 x 114   500 Code N3,,122
5344-1650,Samplers,Sampling bag SteriBag | the sterilised packaging bag,,1650          without labelling area   305 x 178   250 Code N3,,122
5344-1651,Samplers,Sampling bag SteriBag | the sterilised packaging bag,,1650          with labelling area      305 x 178   250 Code N3,,122
5344-0400,Samplers,SteriBag StandUp sample bag                                            Sampling bag SteriBag Blue,PE,400                229 x 114         250 Code N3,,123
5344-7008,Samplers,SteriBag StandUp sample bag                                            Sampling bag SteriBag Blue,PE,650                229 x 140           500 Code N3,,123
5344-0600,Samplers,SteriBag StandUp sample bag                                            Sampling bag SteriBag Blue,PE,600                229 x 152         250 Code N3,,123
5344-7012,Samplers,SteriBag StandUp sample bag                                            Sampling bag SteriBag Blue,PE,1650               305 x 178           250 Code N3,,123
5344-8010,Samplers,Sampling bag SteriBag Cleanroom                                         SteriBag Premium sample bag,PE,800                305 x 114          500 Code N3,,124
5344-8000,Samplers,Sampling bag SteriBag Cleanroom                                         SteriBag Premium sample bag,PE,300                200x145            100 Code N4,,124
5344-8012,Samplers,Sampling bag SteriBag Cleanroom                                         SteriBag Premium sample bag,PE,1650               305 x 178          250 Code N3,,124
5378-8003,Samplers,SteriPlast ® Kit – sterile sampling set                                 SteriPlast ® syringe,PP,Scoop & bag                     10 Code N4,,125
5325-0060,Samplers,SteriPlast ® Kit – sterile sampling set                                 SteriPlast ® syringe,PP,50                    10                1 Code N4,,125
5378-8009,Samplers,SteriPlast ® Kit – sterile sampling set                                 SteriPlast ® syringe,PP,Spatula & bag                   10 Code N4,,125
5325-0100,Samplers,SteriPlast ® Kit – sterile sampling set                                 SteriPlast ® syringe,PP,100                   10                2 Code N4,,125
5378-0001,Samplers,"SteriPlast ® and LaboPlast ®                  LaboPlast ® scoop, disposable",,mally meet the demanding and in part spe-     25                   without cover     141                10 Code N4,,126
5378-0002,Samplers,"SteriPlast ® and LaboPlast ®                  LaboPlast ® scoop, disposable",,25                   with cover        142                10 Code N4,,126
5378-0003,Samplers,"SteriPlast ® and LaboPlast ®                  LaboPlast ® scoop, disposable",,50                   without cover     160                10 Code N4,,126
5378-0004,Samplers,"SteriPlast ® and LaboPlast ®                  LaboPlast ® scoop, disposable",,and science.                                  50                   with cover        161                10 Code N4,,126
5378-0005,Samplers,"SteriPlast ® and LaboPlast ®                  LaboPlast ® scoop, disposable",,Here LaboPlast ® stands for the best qual-    100                  without cover     205                10 Code N4,,126
5378-0006,Samplers,"SteriPlast ® and LaboPlast ®                  LaboPlast ® scoop, disposable",,100                  with cover        206                10 Code N4,,126
5378-0007,Samplers,"SteriPlast ® and LaboPlast ®                  LaboPlast ® scoop, disposable",,150                  without cover     216                10 Code N4,,126
5378-0008,Samplers,"SteriPlast ® and LaboPlast ®                  LaboPlast ® scoop, disposable",,ing material properties.                      150                  with cover        218                10 Code N4,,126
5378-0013,Samplers,"SteriPlast ® and LaboPlast ®                  LaboPlast ® scoop, disposable",,250                  without cover     232                10 Code N4,,126
5378-0014,Samplers,"SteriPlast ® and LaboPlast ®                  LaboPlast ® scoop, disposable",,Test the products and get to know and         250                  with cover        235                10 Code N4,,126
5378-0015,Samplers,"SteriPlast ® and LaboPlast ®                  LaboPlast ® scoop, disposable",,500                  without cover     280                10 Code N4,,126
5378-0016,Samplers,"SteriPlast ® and LaboPlast ®                  LaboPlast ® scoop, disposable",,appreciate our LaboPlast ® product            500                  with cover        283                10 Code N4,,126
5378-0019,Samplers,"SteriPlast ® and LaboPlast ®                  LaboPlast ® scoop, disposable",,lines!                                        1000                 without cover     332                10 Code N4,,126
5378-0020,Samplers,"SteriPlast ® and LaboPlast ®                  LaboPlast ® scoop, disposable",,2000                 without cover     381                10 Code N4,,126
5378-1001,Samplers,SteriPlast ® sample scoop,,25                without cover    141              10 Code N4,,127
5378-1002,Samplers,SteriPlast ® sample scoop,,25                with cover       142              10 Code N4,,127
5378-1003,Samplers,SteriPlast ® sample scoop,,50                without cover    160              10 Code N4,,127
5378-1004,Samplers,SteriPlast ® sample scoop,,50                with cover       161              10 Code N4,,127
5378-1005,Samplers,SteriPlast ® sample scoop,,100               without cover    205              10 Code N4,,127
5378-1006,Samplers,SteriPlast ® sample scoop,,100               with cover       206              10 Code N4,,127
5378-1007,Samplers,SteriPlast ® sample scoop,,150               without cover    216              10 Code N4,,127
5378-1008,Samplers,SteriPlast ® sample scoop,,150               with cover       218              10 Code N4,,127
5378-1013,Samplers,SteriPlast ® sample scoop,,250               without cover    232              10 Code N4,,127
5378-1014,Samplers,SteriPlast ® sample scoop,,250               with cover       235              10 Code N4,,127
5378-1015,Samplers,SteriPlast ® sample scoop,,500               without cover    280              10 Code N4,,127
5378-1016,Samplers,SteriPlast ® sample scoop,,500               with cover       283              10 Code N4,,127
5378-1019,Samplers,SteriPlast ® sample scoop,,1000              without cover    332              10 Code N4,,127
5378-1020,Samplers,SteriPlast ® sample scoop,,2000              without cover    381              10 Code N4,,127
5378-5013,Containers,"Sampling scoop, long handle, disposable                                         Ladle, long handle, disposable",,390               50            standard     10 Code N4,,128
5378-5021,Containers,"Sampling scoop, long handle, disposable                                         Ladle, long handle, disposable",,365               30             standard     10 Code N4,,128
5378-5014,Containers,"Sampling scoop, long handle, disposable                                         Ladle, long handle, disposable",,390               50            sterilised   10 Code N4,,128
5378-5022,Containers,"Sampling scoop, long handle, disposable                                         Ladle, long handle, disposable",,365               30             sterilised   10 Code N4,,128
5378-5017,Containers,"Sampling scoop, long handle, disposable                                         Ladle, long handle, disposable",,415               100           standard     10 Code N4,,128
5378-5018,Containers,"Sampling scoop, long handle, disposable                                         Ladle, long handle, disposable",,415               100           sterilised   10 Code N4,,128
5378-1009,Containers,"Sample spatula white, disposable",,without sleeve    263               150                  10 Code N4,,129
5378-1010,Containers,"Sample spatula white, disposable",,with sleeve       268               150                  10 Code N4,,129
5378-1011,Containers,"Sample spoon white, disposable",,127                        2.5              100 Code N4,,130
5378-1012,Containers,"Sample spoon white, disposable",,170                        10               100 Code N4,,130
5378-5001,Containers,"Sampling spoon, long handle, disposable                                         Sampling spoon curved, long handle",,355               5             standard     10 Code N4,,131
5378-5009,Containers,"Sampling spoon, long handle, disposable                                         Sampling spoon curved, long handle",,360               10            standard     10 Code N4,,131
5378-5002,Containers,"Sampling spoon, long handle, disposable                                         Sampling spoon curved, long handle",,355               5             sterilised   10 Code N4,,131
5378-5010,Containers,"Sampling spoon, long handle, disposable                                         Sampling spoon curved, long handle",,360               10            sterilised   10 Code N4,,131
5378-5005,Containers,"Sampling spoon, long handle, disposable                                         Sampling spoon curved, long handle",,375               20            standard     10 Code N4,,131
5378-5006,Containers,"Sampling spoon, long handle, disposable                                         Sampling spoon curved, long handle",,375               20            sterilised   10 Code N4,,131
5378-4013,Containers,"Dosing spoon, white                                                                  Forceps, disposable",,"10            sterilised, packaged individually   100 Code N4",,132
5378-1040,Containers,"Dosing spoon, white                                                                  Forceps, disposable",,"pointed/angled   sterilised, packaged individually   100 Code N4",,132
5378-4014,Containers,"Dosing spoon, white                                                                  Forceps, disposable",,15            large package                       100 Code N4,,132
5378-0040,Containers,"Dosing spoon, white                                                                  Forceps, disposable",,pointed/angled   large package                       100 Code N4,,132
5378-4015,Containers,"Dosing spoon, white                                                                  Forceps, disposable",,"15            sterilised, packaged individually   100 Code N4",,132
5378-1041,Containers,"Dosing spoon, white                                                                  Forceps, disposable",,"pointed          sterilised, packaged individually   100 Code N4",,132
5378-4016,Containers,"Dosing spoon, white                                                                  Forceps, disposable",,25            large package                       100 Code N4,,132
5378-0041,Containers,"Dosing spoon, white                                                                  Forceps, disposable",,pointed          large package                       100 Code N4,,132
5378-4017,Containers,"Dosing spoon, white                                                                  Forceps, disposable",,"25            sterilised, packaged individually   100 Code N4",,132
5378-1042,Containers,"Dosing spoon, white                                                                  Forceps, disposable",,"broad tip        sterilised, packaged individually   100 Code N4",,132
5378-4018,Containers,"Dosing spoon, white                                                                  Forceps, disposable",,50            large package                       100 Code N4,,132
5378-0042,Containers,"Dosing spoon, white                                                                  Forceps, disposable",,broad tip        large package                       100 Code N4,,132
5378-4019,Containers,"Dosing spoon, white                                                                  Forceps, disposable",,"50            sterilised, packaged individually   100 Code N4",,132
5378-1035,Containers,"Scraper, white                                                         Sampling palette knife spatula white",,"sterilised, packaged individually   100 Code N4",,133
5378-1030,Containers,"Scraper, white                                                         Sampling palette knife spatula white",,200 x 80                     10 Code N4,,133
5378-6002,Containers,Disposable funnel for liquids                                               Disposable powder funnel,,100                  10                  10 Code N4,,134
5378-6006,Containers,Disposable funnel for liquids                                               Disposable powder funnel,,100                 25                 10 Code N4,,134
5379-1001,Containers,The purity of disposable products               Bio sample scoop,PE,25                             141                    10 Code N4,,135
5379-1003,Containers,The purity of disposable products               Bio sample scoop,PE,greenhouse effect                             50                             160                    10 Code N4,,135
5379-1005,Containers,The purity of disposable products               Bio sample scoop,PE, 100 % recyclable                              100                            205                    10 Code N4,,135
5379-1007,Containers,The purity of disposable products               Bio sample scoop,PE,150                            216                    10 Code N4,,135
5379-1009,Containers,"Sampling scoop, long handle, disposable                                          Bio sample spatula",PE,263                 150                  10 Code N4,,136
5379-1011,Containers,"Bio sample spoons                                                      Sampling spoon, long handle, disposable",PE,127                2.5                100 Code N4,,137
5379-0023,Containers,"Bio sample spoons                                                      Sampling spoon, long handle, disposable",PE,360               10            standard      10 Code N4,,137
5379-1012,Containers,"Bio sample spoons                                                      Sampling spoon, long handle, disposable",PE,170                10                 100 Code N4,,137
5379-1023,Containers,"Bio sample spoons                                                      Sampling spoon, long handle, disposable",PE,360               10            sterilised    10 Code N4,,137
5379-0026,Containers,"Ladle, long handle, disposable Bio                                            Sampling palette knife spatula, disposable",PE,365               30            standard     10 Code N4,,138
5379-0035,Containers,"Ladle, long handle, disposable Bio                                            Sampling palette knife spatula, disposable",PE,Large package                       100 Code N4,,138
5379-1026,Containers,"Ladle, long handle, disposable Bio                                            Sampling palette knife spatula, disposable",PE,365               30            sterilised   10 Code N4,,138
5379-1035,Containers,"Ladle, long handle, disposable Bio                                            Sampling palette knife spatula, disposable",PE,"sterilised, packaged individually   100 Code N4",,138
5379-1040,Containers,Disposable funnel for liquids Bio                                             Disposable powder funnel Bio,PE,100                  10                      10 Code N4,,139
5379-1041,Containers,Disposable funnel for liquids Bio                                             Disposable powder funnel Bio,PE,100                    25                     10 Code N4,,139
5378-3001,Containers,"Disposable sampler, blue                        Food scoop, blue",,25                         141                  10 Code N4,,140
5378-3003,Containers,"Disposable sampler, blue                        Food scoop, blue",,cording to clean room class 7                 50                         160                  10 Code N4,,140
5378-3005,Containers,"Disposable sampler, blue                        Food scoop, blue",, Complies with EU food requirements and        100                        205                  10 Code N4,,140
5378-3007,Containers,"Disposable sampler, blue                        Food scoop, blue",,150                        216                  10 Code N4,,140
5378-3013,Containers,"Disposable sampler, blue                        Food scoop, blue",,250                        232                  10 Code N4,,140
5378-3015,Containers,"Disposable sampler, blue                        Food scoop, blue",,500                        280                  10 Code N4,,140
5378-3019,Containers,"Disposable sampler, blue                        Food scoop, blue",,1000                       332                  10 Code N4,,140
5378-3020,Containers,"Disposable sampler, blue                        Food scoop, blue",,2000                       381                  10 Code N4,,140
5378-5015,Containers,"Food scoop, long handle, blue                                          Spatula for foodstuffs, blue",,390                 50               10 Code N4,,141
5378-3009,Containers,"Food scoop, long handle, blue                                          Spatula for foodstuffs, blue",,263                  150                  10 Code N4,,141
5378-5019,Containers,"Food scoop, long handle, blue                                          Spatula for foodstuffs, blue",,415                 100              10 Code N4,,141
5378-5011,Containers,"Spoon for foodstuffs, blue                                              Food spoons, long handle, blue",,360                10                  10 Code N4,,142
5378-5023,Containers,"Ladle, long handle, disposable, blue                                    Measuring spoons, blue",,365                 30                 10 Code N4,,143
5378-1050,Containers,"Single-use tweezers, blue                         Scraper for foodstuffs, blue                       Food palette knife spatula",,pointed/angled   100 Code N4,,144
5378-3030,Containers,"Single-use tweezers, blue                         Scraper for foodstuffs, blue                       Food palette knife spatula",,200 x 80          10 Code N4,,144
5378-3035,Containers,"Single-use tweezers, blue                         Scraper for foodstuffs, blue                       Food palette knife spatula",,100 Code N4,,144
5378-1051,Containers,"Single-use tweezers, blue                         Scraper for foodstuffs, blue                       Food palette knife spatula",,pointed          100 Code N4,,144
5378-1052,Containers,"Single-use tweezers, blue                         Scraper for foodstuffs, blue                       Food palette knife spatula",,broad tip        100 Code N4,,144
5378-6003,Containers,Blue disposable funnels for liquids                                         Blue disposable powder funnels,,100                  10                  10 Code N4,,145
5378-6007,Containers,Blue disposable funnels for liquids                                         Blue disposable powder funnels,,100                25                 10 Code N4,,145
5393-7000,Containers,DispoDipper,PP,50            standard     40        98            417            20 Code N4,,146
5393-7001,Containers,DispoDipper,PP,50            sterilised   40        98            417            20 Code N4,,146
5393-7010,Containers,DispoDipper,PP,100           standard     53        98            415            20 Code N4,,146
5393-7011,Containers,DispoDipper,PP,100           sterilised   53        98            415            20 Code N4,,146
5393-7020,Containers,DispoDipper,PP,250           standard     72        116           429            20 Code N4,,146
5393-7021,Containers,DispoDipper,PP,250           sterilised   72        116           429            20 Code N4,,146
5378-2001,Samplers,"Detectable disposable samplers Detectable scoops, blue",,25                         141                 10 Code N4,,147
5378-2003,Samplers,"Detectable disposable samplers Detectable scoops, blue",,50                         160                 10 Code N4,,147
5378-2005,Samplers,"Detectable disposable samplers Detectable scoops, blue",,100                        205                 10 Code N4,,147
5378-2007,Samplers,"Detectable disposable samplers Detectable scoops, blue",,150                        216                 10 Code N4,,147
5378-2013,Samplers,"Detectable disposable samplers Detectable scoops, blue",,250                        232                 10 Code N4,,147
5378-2015,Samplers,"Detectable disposable samplers Detectable scoops, blue",,500                        280                 10 Code N4,,147
5378-2019,Samplers,"Detectable disposable samplers Detectable scoops, blue",,1000                       332                 10 Code N4,,147
5378-2020,Samplers,"Detectable disposable samplers Detectable scoops, blue",,2000                       381                 10 Code N4,,147
5378-5016,Containers,"Detectable scoop, long handle, blue                                    Detectable spatula, blue",,390                 50                10 Code N4,,148
5378-2009,Containers,"Detectable scoop, long handle, blue                                    Detectable spatula, blue",,263                 150                  10 Code N4,,148
5378-5020,Containers,"Detectable scoop, long handle, blue                                    Detectable spatula, blue",,415                 100               10 Code N4,,148
5378-2012,Containers,"Detectable spoon, blue                                                   Detectable spoon, long handle, blue",,170                10                 100 Code N4,,149
5378-5012,Containers,"Detectable spoon, blue                                                   Detectable spoon, long handle, blue",,360                 10                 10 Code N4,,149
5378-5024,Containers,"Ladle, long handle, detectable                                          Detectable volumetric spoon, blue",,365                 30                10 Code N4,,150
5378-4097,Containers,"Ladle, long handle, detectable                                          Detectable volumetric spoon, blue",,25                           100 Code N4,,150
5378-4099,Containers,"Ladle, long handle, detectable                                          Detectable volumetric spoon, blue",,50                           100 Code N4,,150
5378-2035,Containers,"Palette knife spatula, detectable Detectable funnels for liquids",,100 Code N4,,151
5378-6008,Containers,"Palette knife spatula, detectable Detectable funnels for liquids",,100                          25                     10 Code N4,,151
5378-2030,Containers,"Detectable scraper, blue                                                 Stainless steel scraper","Stainless steel, stainless steel",200 x 80                     10 Code N4,,152
5386-0030,Containers,"Detectable scraper, blue                                                 Stainless steel scraper","Stainless steel, stainless steel",230                         75 Code N4,,152
5386-0035,Containers,"Detectable scraper, blue                                                 Stainless steel scraper","Stainless steel, stainless steel",270                         100 Code N4,,152
5378-1060,Containers,"Detectable forceps, sterile                                                Forceps, stainless steel","AISI 304, Stainless steel, stainless steel",pointed/angled                100 Code N4,,153
5386-0200,Containers,"Detectable forceps, sterile                                                Forceps, stainless steel","AISI 304, Stainless steel, stainless steel",105 Code N4,,153
5378-1061,Containers,"Detectable forceps, sterile                                                Forceps, stainless steel","AISI 304, Stainless steel, stainless steel",pointed                       100 Code N4,,153
5386-0202,Containers,"Detectable forceps, sterile                                                Forceps, stainless steel","AISI 304, Stainless steel, stainless steel",130 Code N4,,153
5378-1062,Containers,"Detectable forceps, sterile                                                Forceps, stainless steel","AISI 304, Stainless steel, stainless steel",broad tip                     100 Code N4,,153
5386-0204,Containers,"Detectable forceps, sterile                                                Forceps, stainless steel","AISI 304, Stainless steel, stainless steel",160 Code N4,,153
5378-0032,Containers,"Micro-spatula, disposable                                                                   Micro spatula stainless steel","AISI 304, Stainless steel, stainless steel",Large package                             100 Code N4,,154
5386-0001,Containers,"Micro-spatula, disposable                                                                   Micro spatula stainless steel","AISI 304, Stainless steel, stainless steel",170 Code N4,,154
5378-1032,Containers,"Micro-spatula, disposable                                                                   Micro spatula stainless steel","AISI 304, Stainless steel, stainless steel","sterilised, packaged individually         100 Code N4",,154
5386-0022,Containers,"Spoon spatula stainless steel                             Spoon spatula, disposable","AISI 304, Stainless steel, stainless steel",180 Code N4,,155
5378-0031,Containers,"Spoon spatula stainless steel                             Spoon spatula, disposable","AISI 304, Stainless steel, stainless steel",Large package                       100 Code N4,,155
5386-0025,Containers,"Spoon spatula stainless steel                             Spoon spatula, disposable","AISI 304, Stainless steel, stainless steel",300 Code N4,,155
5378-1031,Containers,"Spoon spatula stainless steel                             Spoon spatula, disposable","AISI 304, Stainless steel, stainless steel","sterilised, packaged individually   100 Code N4",,155
5378-4120,Containers,Dosing spoon and measuring spoon set                                    Stainless steel measuring spoons,"AISI 304, Stainless steel","white              0,5 - 50            8 Code N4",,156
5334-8000,Containers,Dosing spoon and measuring spoon set                                    Stainless steel measuring spoons,"AISI 304, Stainless steel",1.25 - 15 Code N4,,156
5378-4125,Containers,Dosing spoon and measuring spoon set                                    Stainless steel measuring spoons,"AISI 304, Stainless steel","blue               0,5 - 50            8 Code N4",,156
5320-0150,Containers,Sample-spoon                                                             Measuring scoops,"AISI 304, PP, stainless steel",150                         2 Code N4,Acids/alkalis,157
9614-0050,Containers,Sample-spoon                                                             Measuring scoops,"AISI 304, PP, stainless steel",50                           160 x 55 Code N3,Acids/alkalis,157
5320-0180,Containers,Sample-spoon                                                             Measuring scoops,"AISI 304, PP, stainless steel",180                         2 Code N4,Acids/alkalis,157
9614-0100,Containers,Sample-spoon                                                             Measuring scoops,"AISI 304, PP, stainless steel",100                          200 x 70 Code N3,Acids/alkalis,157
5320-0210,Containers,Sample-spoon                                                             Measuring scoops,"AISI 304, PP, stainless steel",210                         2 Code N4,Acids/alkalis,157
9614-0250,Containers,Sample-spoon                                                             Measuring scoops,"AISI 304, PP, stainless steel",250                          260 x 90 Code N3,Acids/alkalis,157
5320-0300,Containers,Sample-spoon                                                             Measuring scoops,"AISI 304, PP, stainless steel",300                         9 Code N4,Acids/alkalis,157
9614-0500,Containers,Sample-spoon                                                             Measuring scoops,"AISI 304, PP, stainless steel",500                          315 x 118 Code N3,Acids/alkalis,157
5320-0400,Containers,Sample-spoon                                                             Measuring scoops,"AISI 304, PP, stainless steel",400                         9 Code N4,Acids/alkalis,157
9614-1000,Containers,Sample-spoon                                                             Measuring scoops,"AISI 304, PP, stainless steel",1000                         385 x 134 Code N3,Acids/alkalis,157
5320-0500,Containers,Sample-spoon                                                             Measuring scoops,"AISI 304, PP, stainless steel",500                         9 Code N4,Acids/alkalis,157
5324-0019,Samplers,PharmaScoop                                                                                EasyScoop,"AISI 316, Stainless steel, aluminium, stainless steel",1000              110                 235               835 Code N4,,158
5370-0120,Samplers,Scoop AISI 304                                                             FoodScoop,"AISI 304, Stainless steel, stainless steel",120                          50 Code N3,,159
5371-0100,Samplers,Scoop AISI 304                                                             FoodScoop,"AISI 304, Stainless steel, stainless steel",100                215                120 x 60 Code N3,,159
5370-0450,Samplers,Scoop AISI 304                                                             FoodScoop,"AISI 304, Stainless steel, stainless steel",450                          75 Code N3,,159
5371-0200,Samplers,Scoop AISI 304                                                             FoodScoop,"AISI 304, Stainless steel, stainless steel",200                230                140 x 75 Code N3,,159
5370-1000,Samplers,Scoop AISI 304                                                             FoodScoop,"AISI 304, Stainless steel, stainless steel",1000                         100 Code N3,,159
5371-0250,Samplers,Scoop AISI 304                                                             FoodScoop,"AISI 304, Stainless steel, stainless steel",250                245                155 x 85 Code N3,,159
5370-1500,Samplers,Scoop AISI 304                                                             FoodScoop,"AISI 304, Stainless steel, stainless steel",1500                         120 Code N3,,159
5371-0350,Samplers,Scoop AISI 304                                                             FoodScoop,"AISI 304, Stainless steel, stainless steel",350                290                180 x 100 Code N3,,159
5370-2000,Samplers,Scoop AISI 304                                                             FoodScoop,"AISI 304, Stainless steel, stainless steel",2500                         150 Code N3,,159
5371-0500,Samplers,Scoop AISI 304                                                             FoodScoop,"AISI 304, Stainless steel, stainless steel",500                350                220 x 130 Code N3,,159
8300-4011,Samplers,Plastic scoops and scrapers,,205 x 75                                                              44 Code N3,,160
8300-4010,Samplers,Plastic scoops and scrapers,,250 x 110                                                             80 Code N3,,160
8300-4001,Samplers,Plastic scoops and scrapers,,205 x 75                                                            44 Code N3,,161
8300-4002,Samplers,Plastic scoops and scrapers,,250 x 110                                                           80 Code N3,,161
5388-1000,Samplers,Meat sampler for carcass sampling                                                                       IceSampler,"AISI 316L, Stainless steel, stainless steel",25 Code N4,,162
5388-1010,Samplers,Meat sampler for carcass sampling                                                                       IceSampler,"AISI 316L, Stainless steel, stainless steel",25 Code N4,,162
5339-0300,Samplers,Meat sampler for carcass sampling                                                                       IceSampler,"AISI 316L, Stainless steel, stainless steel",300              50 Code N2,,162
5339-0550,Samplers,Meat sampler for carcass sampling                                                                       IceSampler,"AISI 316L, Stainless steel, stainless steel",550              50 Code N2,,162
5339-1050,Samplers,Meat sampler for carcass sampling                                                                       IceSampler,"AISI 316L, Stainless steel, stainless steel",1050             50 Code N2,,162
5323-0190,Samplers,Ice borer | for deep-frozen and semi-solid substances,"AISI
  316, AISI
  316L, AISI 316, Stainless steel, stainless steel",8               10              100 Code N4,,163
5323-0200,Samplers,Ice borer | for deep-frozen and semi-solid substances,"AISI
  316, AISI
  316L, AISI 316, Stainless steel, stainless steel",16              21              200 Code N4,,163
5323-2010,Samplers,Ice borer | for deep-frozen and semi-solid substances,"AISI
  316, AISI
  316L, AISI 316, Stainless steel, stainless steel",50              54              200 Code N4,,163
5337-2020,Samplers,Sampling drill for stalk material                                 Soil sampler GeoSampler,"Stainless steel, stainless steel",25             200             1.4404/1.4034 Code N4,,164
5337-2040,Samplers,Sampling drill for stalk material                                 Soil sampler GeoSampler,"Stainless steel, stainless steel",25             400             1.4404/1.4034 Code N4,,164
5350-5012,Samplers,Sampling drill for stalk material                                 Soil sampler GeoSampler,"Stainless steel, stainless steel",81             600            20               20           13              2400 Code N2,,164
5337-4020,Samplers,Sampling drill for stalk material                                 Soil sampler GeoSampler,"Stainless steel, stainless steel",45             200             Alu/1.4034 Code N4,,164
5350-5018,Samplers,Sampling drill for stalk material                                 Soil sampler GeoSampler,"Stainless steel, stainless steel",117.5          1000           28               25           18              3800 Code N2,,164
5337-4040,Samplers,Sampling drill for stalk material                                 Soil sampler GeoSampler,"Stainless steel, stainless steel",45             400             Alu/1.4034 Code N4,,164
5350-1030,Samplers,Mole with handle and bar                                                Drill bits for mole,,D combination Code N4,,165
5350-1010,Samplers,Mole with handle and bar                                                Drill bits for mole,,2 Extension for mole Code N4,,165
5350-1035,Samplers,Mole with handle and bar                                                Drill bits for mole,,E riverside Code N4,,165
3600-2120,Samplers,Mole with handle and bar                                                Drill bits for mole,,Transport case LxWxH 123x25x11 cm Code N4,,165
5350-1040,Samplers,Mole with handle and bar                                                Drill bits for mole,,F gravel drill Code N4,,165
5350-1045,Samplers,Mole with handle and bar                                                Drill bits for mole,,G stone catcher Code N4,,165
5384-0012,Samplers,MiniTherm                                                          SnowPack ® dry ice machine,,watertight -20 to      120      4         67 Code N2,,166
9805-0030,Samplers,MiniTherm                                                          SnowPack ® dry ice machine,,SnowPack® 50    50 x 30           50         1                 approx. 90 Code N4,,166
9805-0200,Samplers,MiniTherm                                                          SnowPack ® dry ice machine,,+230                                                    SnowPack® 250   80 x 60           250        1                 approx. 16 Code N4,,166
6206-1060,Containers,Sample containers,PP,50                      78                   31                      with labelling area and graduation                     650 Code N3,,167
6206-1100,Containers,Sample containers,PP,90                      80                   43                      with labelling area and graduation at 80 ml            350 Code N3,,167
6206-1300,Containers,Sample containers,PP,300                     88                   75                      graduated                                              240 Code N3,,167
6214-0012,Containers,Tubes with screw cap                                                   Sample beaker with cover,"LDPE, PP",12                 25               31 Code N3,,168
7103-0125,Containers,Tubes with screw cap                                                   Sample beaker with cover,"LDPE, PP",125                52                74 Code N3,,168
6214-0025,Containers,Tubes with screw cap                                                   Sample beaker with cover,"LDPE, PP",25                 31               40 Code N3,,168
6214-0060,Containers,Tubes with screw cap                                                   Sample beaker with cover,"LDPE, PP",60                 41               56 Code N3,,168
6214-0090,Containers,Tubes with screw cap                                                   Sample beaker with cover,"LDPE, PP",90                 52               52 Code N3,,168
6214-0125,Containers,Tubes with screw cap                                                   Sample beaker with cover,"LDPE, PP",125                52               67 Code N3,,168
6214-0250,Containers,Tubes with screw cap                                                   Sample beaker with cover,"LDPE, PP",250                68               79 Code N3,,168
6214-0600,Containers,Tubes with screw cap                                                   Sample beaker with cover,"LDPE, PP",625                90               113 Code N3,,168
6214-1000,Containers,Tubes with screw cap                                                   Sample beaker with cover,"LDPE, PP",1000               102              129 Code N3,,168
0327-3000,Containers,"Aluminium bottle | light, unbreakable, seamless                               Sealable wide-necked bottles","Aluminium, PP, aluminium",3000          161            215               1B1/X/250 Code N3,Acids/alkalis,169
5399-2902,Containers,"Aluminium bottle | light, unbreakable, seamless                               Sealable wide-necked bottles","Aluminium, PP, aluminium","SampleSafe seal, red, 100 pieces Code N4",Acids/alkalis,169
0327-5600,Containers,"Aluminium bottle | light, unbreakable, seamless                               Sealable wide-necked bottles","Aluminium, PP, aluminium",5600          161            340               1B1/X/250 Code N3,Acids/alkalis,169
0302-0010,Containers,"Narrow-necked bottles for universal use | easy to handle and squeeze, reliable outflow",LDPE,10                         26                  47                   9                     14 Code N3,,172
0302-0020,Containers,"Narrow-necked bottles for universal use | easy to handle and squeeze, reliable outflow",LDPE,20                         32                  58                   9                     14 Code N3,,172
0302-0030,Containers,"Narrow-necked bottles for universal use | easy to handle and squeeze, reliable outflow",LDPE,30                         35                  67                   9                     14 Code N3,,172
0302-0050,Containers,"Narrow-necked bottles for universal use | easy to handle and squeeze, reliable outflow",LDPE,50                         40                  86                   13                    18 Code N3,,172
0302-0100,Containers,"Narrow-necked bottles for universal use | easy to handle and squeeze, reliable outflow",LDPE,100                        45                  106                  13                    18 Code N3,,172
0302-0200,Containers,"Narrow-necked bottles for universal use | easy to handle and squeeze, reliable outflow",LDPE,200                        58                  134                  13                    18 Code N3,,172
0302-0250,Containers,"Narrow-necked bottles for universal use | easy to handle and squeeze, reliable outflow",LDPE,250                        60                  140                  18                    25 Code N3,,172
0302-0500,Containers,"Narrow-necked bottles for universal use | easy to handle and squeeze, reliable outflow",LDPE,500                        75                  173                  18                    25 Code N3,,172
0302-1000,Containers,"Narrow-necked bottles for universal use | easy to handle and squeeze, reliable outflow",LDPE,1000                       95                  213                  21                    28 Code N3,,172
0302-2000,Containers,"Narrow-necked bottles for universal use | easy to handle and squeeze, reliable outflow",LDPE,2000                       120                 263                  21                    28 Code N3,,172
0302-3000,Containers,"Narrow-necked bottles for universal use | easy to handle and squeeze, reliable outflow",LDPE,3000                       139                 306                  24                    32 Code N3,,172
0302-5000,Containers,"Narrow-necked bottles for universal use | easy to handle and squeeze, reliable outflow",LDPE,5000                       163                 360                  31                    40 Code N3,,172
0308-0250,Containers,Round bottles with snap closure                                            Tall-form bottles,"LDPE, PP",250                143                  22 Code N3,,173
0300-3018,Containers,Round bottles with snap closure                                            Tall-form bottles,"LDPE, PP",1 Dropper cap ﬁts for thread dia. 18 mm Code N3,,173
0308-0500,Containers,Round bottles with snap closure                                            Tall-form bottles,"LDPE, PP",500                182                  25 Code N3,,173
0300-3025,Containers,Round bottles with snap closure                                            Tall-form bottles,"LDPE, PP",1 Dropper cap ﬁts for thread dia. 25 mm Code N3,,173
0308-1000,Containers,Round bottles with snap closure                                            Tall-form bottles,"LDPE, PP",1000               221                  25 Code N3,,173
0300-3028,Containers,Round bottles with snap closure                                            Tall-form bottles,"LDPE, PP",1 Dropper cap ﬁts for thread dia. 28 mm Code N3,,173
0303-0010,Containers,Narrow-necked bio-bottles PE,"LDPE, PE",10                          26                  47                   9                     14 Code N3,,175
0303-0020,Containers,Narrow-necked bio-bottles PE,"LDPE, PE",20                          32                  58                   9                     14 Code N3,,175
0303-0050,Containers,Narrow-necked bio-bottles PE,"LDPE, PE",50                          40                  86                   13                    18 Code N3,,175
0303-0100,Containers,Narrow-necked bio-bottles PE,"LDPE, PE",100                         45                  106                  13                    18 Code N3,,175
0303-0250,Containers,Narrow-necked bio-bottles PE,"LDPE, PE",250                         60                  140                  18                    25 Code N3,,175
0303-0500,Containers,Narrow-necked bio-bottles PE,"LDPE, PE",500                         75                  173                  18                    25 Code N3,,175
0303-1000,Containers,Narrow-necked bio-bottles PE,"LDPE, PE",1000                        95                  213                  21                    28 Code N3,,175
0300-3018,Containers,"Narrow-necked square bottle                                                     Narrow-necked square bottle, screw cap",,Dropper cap ﬁts for thread dia. 18 mm Code N3,,176
0300-3025,Containers,"Narrow-necked square bottle                                                     Narrow-necked square bottle, screw cap",,Dropper cap ﬁts for thread dia. 25 mm Code N3,,176
0370-0125,Containers,Laboratory bottle PET sterile                                                         UN-Bottle,PTFE,125            53 x 53          105               32 Code N3,,177
0304-0500,Containers,Laboratory bottle PET sterile                                                         UN-Bottle,PTFE,500           177              29                 1H1/X1.9/250 Code N3,,177
0370-0250,Containers,Laboratory bottle PET sterile                                                         UN-Bottle,PTFE,250            64 x 64          132               32 Code N3,,177
0304-1000,Containers,Laboratory bottle PET sterile                                                         UN-Bottle,PTFE,1000          212              29                 3H1/X1.9/250 Code N3,,177
0370-0500,Containers,Laboratory bottle PET sterile                                                         UN-Bottle,PTFE,500            76 x 76          173               32 Code N3,,177
0304-2500,Containers,Laboratory bottle PET sterile                                                         UN-Bottle,PTFE,2500          282              29                 3H1/X1.9/250 Code N3,,177
0370-1000,Containers,Laboratory bottle PET sterile                                                         UN-Bottle,PTFE,1000           96 x 96          212               32 Code N3,,177
0340-0100,Containers,Narrow-neck reagent bottle,PP,100                          45 x 45     108                 32               17 Code N3,,178
0340-0250,Containers,Narrow-neck reagent bottle,PP,250                          60 x 60     136                 32               17 Code N3,,178
0340-0500,Containers,Narrow-neck reagent bottle,PP,500                          74 x 74     170                 32               17 Code N3,,178
0340-1000,Containers,Narrow-neck reagent bottle,PP,1000                         85 x 85     221                 32               17 Code N3,,178
0340-2500,Containers,Narrow-neck reagent bottle,PP,2500                         122 x 122   272                 45               28 Code N3,,178
0342-0050,Containers,Wide-neck reagent bottle,PP,50                    36 x 36     89                  28               21                     no Code N3,,179
0342-0100,Containers,Wide-neck reagent bottle,PP,100                   45 x 45     101                 32               24                     UN3H1/X0.3 Code N3,,179
0342-0250,Containers,Wide-neck reagent bottle,PP,250                   59 x 59     130                 45               35                     UN3H1/X0.8 Code N3,,179
0342-0500,Containers,Wide-neck reagent bottle,PP,500                   75 x 75     162                 54               43                     UN3H1/X1.5 Code N3,,179
0342-0750,Containers,Wide-neck reagent bottle,PP,750                   83 x 83     188                 54               43                     UN3H1/X2.5 Code N3,,179
0342-1000,Containers,Wide-neck reagent bottle,PP,1000                  85 x 85     214                 54               43                     UN3H1/X2.5 Code N3,,179
0342-1500,Containers,Wide-neck reagent bottle,PP,1500                  108 x 108   209                 80               69                     UN3H1/X4 Code N3,,179
0342-2500,Containers,Wide-neck reagent bottle,PP,2500                  122 x 122   260                 80               69                     UN3H1/X5 Code N3,,179
0342-4000,Containers,Wide-neck reagent bottle,PP,4000                  142 x 142   294                 80               69                     UN3H1/X5.5 Code N3,,179
0318-0050,Containers,"Wide-necked bottle | easy to fill and clean, compact form, unbreakable","LDPE, PP",LDPE                 50            transparent   40         80               24                    32 Code N3,,180
0318-0100,Containers,"Wide-necked bottle | easy to fill and clean, compact form, unbreakable","LDPE, PP",LDPE                 100           transparent   48         95               24                    32 Code N3,,180
0318-0200,Containers,"Wide-necked bottle | easy to fill and clean, compact form, unbreakable","LDPE, PP",LDPE                 200           transparent   59         114              30                    40 Code N3,,180
0318-0250,Containers,"Wide-necked bottle | easy to fill and clean, compact form, unbreakable","LDPE, PP",LDPE                 250           transparent   64         127              31                    40 Code N3,,180
0318-0500,Containers,"Wide-necked bottle | easy to fill and clean, compact form, unbreakable","LDPE, PP",LDPE                 500           transparent   77         158              39                    50 Code N3,,180
0318-0750,Containers,"Wide-necked bottle | easy to fill and clean, compact form, unbreakable","LDPE, PP",LDPE                 750           transparent   88         176              39                    50 Code N3,,180
0318-1000,Containers,"Wide-necked bottle | easy to fill and clean, compact form, unbreakable","LDPE, PP",LDPE                 1000          transparent   94         207              50                    65 Code N3,,180
0318-1500,Containers,"Wide-necked bottle | easy to fill and clean, compact form, unbreakable","LDPE, PP",LDPE                 1500          transparent   108        232              50                    65 Code N3,,180
0318-2000,Containers,"Wide-necked bottle | easy to fill and clean, compact form, unbreakable","LDPE, PP",LDPE                 2000          transparent   120        252              50                    65 Code N3,,180
0319-0100,Containers,"Wide-necked bottle | easy to fill and clean, compact form, unbreakable","LDPE, PP",PP                   100           transparent   48         95               24                    32 Code N3,,180
0319-0250,Containers,"Wide-necked bottle | easy to fill and clean, compact form, unbreakable","LDPE, PP",PP                   250           transparent   64         127              31                    40 Code N3,,180
0319-0500,Containers,"Wide-necked bottle | easy to fill and clean, compact form, unbreakable","LDPE, PP",PP                   500           transparent   77         158              39                    50 Code N3,,180
0319-1000,Containers,"Wide-necked bottle | easy to fill and clean, compact form, unbreakable","LDPE, PP",PP                   1000          transparent   94         207              50                    65 Code N3,,180
0320-0250,Containers,"Wide-necked bottle | easy to fill and clean, compact form, unbreakable","LDPE, PP",LDPE                 250           brown         64         127              31                    40 Code N3,,180
0320-0500,Containers,"Wide-necked bottle | easy to fill and clean, compact form, unbreakable","LDPE, PP",LDPE                 500           brown         77         158              39                    50 Code N3,,180
0320-1000,Containers,"Wide-necked bottle | easy to fill and clean, compact form, unbreakable","LDPE, PP",LDPE                 1000          brown         94         207              50                    65 Code N3,,180
0338-0250,Containers,Wide-necked square bottle                                                       Multi-Bottles with graduation,PP,250           59 x 59    110.5         30          50 Code N3,,181
0301-0100,Containers,Wide-necked square bottle                                                       Multi-Bottles with graduation,PP,100         46          99.5       19          25          25 Code N3,,181
0338-0500,Containers,Wide-necked square bottle                                                       Multi-Bottles with graduation,PP,500           68 x 68    146           30          50 Code N3,,181
0301-0250,Containers,Wide-necked square bottle                                                       Multi-Bottles with graduation,PP,250         61          129.5      24          50          28 Code N3,,181
0338-1000,Containers,Wide-necked square bottle                                                       Multi-Bottles with graduation,PP,1000          90 x 90    170           50          65 Code N3,,181
0301-0500,Containers,Wide-necked square bottle                                                       Multi-Bottles with graduation,PP,500         76          161        30.8        50          40 Code N3,,181
0301-1000,Containers,Wide-necked square bottle                                                       Multi-Bottles with graduation,PP,1000        97          203        39.2        100         50 Code N3,,181
5399-2902,Containers,Sealable wide-necked bottles,,"SampleSafe seal, red, 100 pieces Code N4",,182
0309-0101,Containers,Pressure sprayer                                                                           Pressure sprayer Food,"AISI 304, AISI 316, FKM, PE, PP","Spraying lance extension for pressure sprayer, 30 cm Code N4",,183
0309-0130,Containers,Pressure sprayer                                                                           Pressure sprayer Food,"AISI 304, AISI 316, FKM, PE, PP",1200          117              315 Code N4,,183
0309-1025,Containers,Spray bottle,"LDPE, PE, PP",250            220                  18 Code N4,,184
0309-1050,Containers,Spray bottle,"LDPE, PE, PP",500            240                  18 Code N4,,184
0309-1100,Containers,Spray bottle,"LDPE, PE, PP",1000           295                  17.5 Code N4,,184
0309-0002,Containers,Spray bottle Turn’n’Spray | Spray bottle with overhead valve,"PE, PP, stainless steel",250                                        220                                        18 Code N4,,185
0309-0005,Containers,Spray bottle Turn’n’Spray | Spray bottle with overhead valve,"PE, PP, stainless steel",500                                        240                                        18 Code N4,,185
0309-0010,Containers,Spray bottle Turn’n’Spray | Spray bottle with overhead valve,"PE, PP, stainless steel",1000                                       295                                        17.5 Code N4,,185
0309-3025,Containers,Spray bottle with pump vaporiser                                           Pump bottle with dosing dispenser,PP,250                50                222 Code N3,,186
0309-7100,Containers,Spray bottle with pump vaporiser                                           Pump bottle with dosing dispenser,PP,100           38         140                   2 Code N4,,186
0309-7250,Containers,Spray bottle with pump vaporiser                                           Pump bottle with dosing dispenser,PP,250           48         195                   2 Code N4,,186
0310-3050,Containers,Wide-necked wash bottle                                                Safety wash bottle,LDPE,without label - neutral    yellow Code N3,,187
0310-2056,Containers,Wide-necked wash bottle                                                Safety wash bottle,LDPE,without label - neutral     yellow Code N3,,187
0310-3051,Containers,Wide-necked wash bottle                                                Safety wash bottle,LDPE,Distilled water            transparent Code N3,,187
0310-2050,Containers,Wide-necked wash bottle                                                Safety wash bottle,LDPE,Distilled water             transparent Code N3,,187
0310-3052,Containers,Wide-necked wash bottle                                                Safety wash bottle,LDPE,Methanol                   green Code N3,,187
0310-2052,Containers,Wide-necked wash bottle                                                Safety wash bottle,LDPE,Methanol                    green Code N3,,187
0310-3053,Containers,Wide-necked wash bottle                                                Safety wash bottle,LDPE,Ethanol                    orange Code N3,,187
0310-2054,Containers,Wide-necked wash bottle                                                Safety wash bottle,LDPE,Ethanol                     orange Code N3,,187
0310-3054,Containers,Wide-necked wash bottle                                                Safety wash bottle,LDPE,Isopropanol                blue Code N3,,187
0310-2055,Containers,Wide-necked wash bottle                                                Safety wash bottle,LDPE,Isopropanol                 blue Code N3,,187
0310-3055,Containers,Wide-necked wash bottle                                                Safety wash bottle,LDPE,Acetone                    red Code N3,,187
0310-2051,Containers,Wide-necked wash bottle                                                Safety wash bottle,LDPE,Acetone                     red Code N3,,187
0310-0010,Containers,Wash bottle                                                   Dropping bottles | for controlled dosing drop by drop,"LDPE, PE",100            45             200 Code N3,,188
0310-0025,Containers,Wash bottle                                                   Dropping bottles | for controlled dosing drop by drop,"LDPE, PE",250            61             225 Code N3,,188
0306-0010,Containers,Wash bottle                                                   Dropping bottles | for controlled dosing drop by drop,"LDPE, PE",10              26                76                9                  14 Code N3,,188
0310-0050,Containers,Wash bottle                                                   Dropping bottles | for controlled dosing drop by drop,"LDPE, PE",500            75             270 Code N3,,188
0306-0020,Containers,Wash bottle                                                   Dropping bottles | for controlled dosing drop by drop,"LDPE, PE",20              32                88                9                  14 Code N3,,188
0310-0100,Containers,Wash bottle                                                   Dropping bottles | for controlled dosing drop by drop,"LDPE, PE",1000           98             315 Code N3,,188
0306-0030,Containers,Wash bottle                                                   Dropping bottles | for controlled dosing drop by drop,"LDPE, PE",30              35                96                9                  14 Code N3,,188
0306-0050,Containers,Wash bottle                                                   Dropping bottles | for controlled dosing drop by drop,"LDPE, PE",50              40                116               13                 18 Code N3,,188
0306-0100,Containers,Wash bottle                                                   Dropping bottles | for controlled dosing drop by drop,"LDPE, PE",100             45                136               13                 18 Code N3,,188
0306-0250,Containers,Wash bottle                                                   Dropping bottles | for controlled dosing drop by drop,"LDPE, PE",250             61                170               18                 25 Code N3,,188
0306-0500,Containers,Wash bottle                                                   Dropping bottles | for controlled dosing drop by drop,"LDPE, PE",500             75                204               18                 25 Code N3,,188
0306-1000,Containers,Wash bottle                                                   Dropping bottles | for controlled dosing drop by drop,"LDPE, PE",1000            95                248               21                 28 Code N3,,188
0361-0008,Containers,Drop-Boy                                                    Bottle carrier                             Bottle carrier box,PP,8                      95                      400x290x215 Code N3,,189
0327-0038,Containers,"Aluminium bottle | light, unbreakable, seamless","Aluminium, PP, aluminium",cap made of PP with alu-            38                  35        70                   1B1/X/250 Code N3,Acids/alkalis,190
0327-0060,Containers,"Aluminium bottle | light, unbreakable, seamless","Aluminium, PP, aluminium",60                  40        88                   1B1/X/250 Code N3,Acids/alkalis,190
0327-0120,Containers,"Aluminium bottle | light, unbreakable, seamless","Aluminium, PP, aluminium",120                 57        97                   1B1/X/250 Code N3,Acids/alkalis,190
0327-0300,Containers,"Aluminium bottle | light, unbreakable, seamless","Aluminium, PP, aluminium", Suitable for food (exception:       300                 57        160                  1B1/X/250 Code N3,Acids/alkalis,190
0327-0600,Containers,"Aluminium bottle | light, unbreakable, seamless","Aluminium, PP, aluminium",highly acidic and salt-con-         600                 74        192                  1B1/X/250 Code N3,Acids/alkalis,190
0327-1200,Containers,"Aluminium bottle | light, unbreakable, seamless","Aluminium, PP, aluminium",1200                88        248                  1B1/X/250 Code N3,Acids/alkalis,190
0327-3000,Containers,"Aluminium bottle | light, unbreakable, seamless","Aluminium, PP, aluminium",3000                161       215                  1B1/X/250 Code N3,Acids/alkalis,190
0327-5600,Containers,"Aluminium bottle | light, unbreakable, seamless","Aluminium, PP, aluminium", With UN approval (page 277)         5600                161       340                  1B1/X/250 Code N3,Acids/alkalis,190
0329-0125,Containers,Transport bottle aluminium UN | UN-approval for dangerous goods,"Aluminium, PP, aluminium",With tamper-evident screw cap made of PP     125                    50                    105                   1B1/X/250 Code N3,,191
0329-0250,Containers,Transport bottle aluminium UN | UN-approval for dangerous goods,"Aluminium, PP, aluminium",with aluminium/PET inner seal.               250                    65                    140                   1B1/X/250 Code N3,,191
0329-0500,Containers,Transport bottle aluminium UN | UN-approval for dangerous goods,"Aluminium, PP, aluminium",500                    80                    145                   1B1/X/250 Code N3,,191
0329-1250,Containers,Transport bottle aluminium UN | UN-approval for dangerous goods,"Aluminium, PP, aluminium",1250                   100                   205                   1B1/X/250 Code N3,,191
6214-0012,Containers,"Tubes with screw cap                                                                Wide-necked boxes, round","PE, PP",12                     25                    31 Code N3,,192
6214-0025,Containers,"Tubes with screw cap                                                                Wide-necked boxes, round","PE, PP",25                     31                    40 Code N3,,192
6282-0100,Containers,"Tubes with screw cap                                                                Wide-necked boxes, round","PE, PP",100           48        31          77 Code N3,,192
6214-0060,Containers,"Tubes with screw cap                                                                Wide-necked boxes, round","PE, PP",60                     41                    56 Code N3,,192
6282-0250,Containers,"Tubes with screw cap                                                                Wide-necked boxes, round","PE, PP",250           65        41          98 Code N3,,192
6214-0090,Containers,"Tubes with screw cap                                                                Wide-necked boxes, round","PE, PP",90                     52                    52 Code N3,,192
6282-0500,Containers,"Tubes with screw cap                                                                Wide-necked boxes, round","PE, PP",500           80        53          122 Code N3,,192
6214-0125,Containers,"Tubes with screw cap                                                                Wide-necked boxes, round","PE, PP",125                    52                    67 Code N3,,192
6282-0750,Containers,"Tubes with screw cap                                                                Wide-necked boxes, round","PE, PP",750           94        53          130 Code N3,,192
6214-0250,Containers,"Tubes with screw cap                                                                Wide-necked boxes, round","PE, PP",250                    68                    79 Code N3,,192
6282-1000,Containers,"Tubes with screw cap                                                                Wide-necked boxes, round","PE, PP",1000          100       67          153 Code N3,,192
6214-0600,Containers,"Tubes with screw cap                                                                Wide-necked boxes, round","PE, PP",625                    90                    113 Code N3,,192
6282-1500,Containers,"Tubes with screw cap                                                                Wide-necked boxes, round","PE, PP",1500          114       67          173 Code N3,,192
6214-1000,Containers,"Tubes with screw cap                                                                Wide-necked boxes, round","PE, PP",1000                   102                   129 Code N3,,192
6282-2000,Containers,"Tubes with screw cap                                                                Wide-necked boxes, round","PE, PP",2000          126       67          192 Code N3,,192
0357-0050,Containers,"Wide-necked boxes, square shaped | clear or brown material","PE, PP, PVC",PETG crystal clear       50            38          38         63                   23 Code N3,,193
0357-0100,Containers,"Wide-necked boxes, square shaped | clear or brown material","PE, PP, PVC",PETG crystal clear       100           46          46         75                   31 Code N3,,193
0357-0200,Containers,"Wide-necked boxes, square shaped | clear or brown material","PE, PP, PVC",PETG crystal clear       200           59          59         91                   41 Code N3,,193
0357-0500,Containers,"Wide-necked boxes, square shaped | clear or brown material","PE, PP, PVC",PETG crystal clear       500           80          80         111                  54 Code N3,,193
0357-1000,Containers,"Wide-necked boxes, square shaped | clear or brown material","PE, PP, PVC",PETG crystal clear       1000          95          95         152                  69 Code N3,,193
0355-0050,Containers,"Wide-necked boxes, square shaped | clear or brown material","PE, PP, PVC",PVC highly transparent   50            38          38         63                   23 Code N3,,193
0355-0100,Containers,"Wide-necked boxes, square shaped | clear or brown material","PE, PP, PVC",PVC highly transparent   100           46          46         75                   31 Code N3,,193
0355-0200,Containers,"Wide-necked boxes, square shaped | clear or brown material","PE, PP, PVC",PVC highly transparent   200           59          59         91                   41 Code N3,,193
0355-0300,Containers,"Wide-necked boxes, square shaped | clear or brown material","PE, PP, PVC",PVC highly transparent   300           66          66         98                   41 Code N3,,193
0355-0500,Containers,"Wide-necked boxes, square shaped | clear or brown material","PE, PP, PVC",PVC highly transparent   500           80          80         111                  54 Code N3,,193
0355-0750,Containers,"Wide-necked boxes, square shaped | clear or brown material","PE, PP, PVC",PVC highly transparent   750           92          92         120                  69 Code N3,,193
0355-1000,Containers,"Wide-necked boxes, square shaped | clear or brown material","PE, PP, PVC",PVC highly transparent   1000          95          95         152                  69 Code N3,,193
0355-2000,Containers,"Wide-necked boxes, square shaped | clear or brown material","PE, PP, PVC",PVC highly transparent   2000          120         120        190                  69 Code N3,,193
0356-0100,Containers,"Wide-necked boxes, square shaped | clear or brown material","PE, PP, PVC",PVC amber transparent    100           46          46         75                   31 Code N3,,193
0356-0200,Containers,"Wide-necked boxes, square shaped | clear or brown material","PE, PP, PVC",PVC amber transparent    200           59          59         91                   41 Code N3,,193
6210-0250,Containers,"All-purpose tubes with screw cap                               All-purpose boxes, square All-purpose boxes, round","PE, PP",mm                                               250               60                     78                  90 Code N3,,194
6202-0250,Containers,"All-purpose tubes with screw cap                               All-purpose boxes, square All-purpose boxes, round","PE, PP",250           104              50 Code N3,,194
6210-0500,Containers,"All-purpose tubes with screw cap                               All-purpose boxes, square All-purpose boxes, round","PE, PP",500               75                     95                  127 Code N3,,194
6202-0500,Containers,"All-purpose tubes with screw cap                               All-purpose boxes, square All-purpose boxes, round","PE, PP",500           104              100 Code N3,,194
6210-1001,Containers,"All-purpose tubes with screw cap                               All-purpose boxes, square All-purpose boxes, round","PE, PP",1000              118                    136                 110 Code N3,,194
6202-1000,Containers,"All-purpose tubes with screw cap                               All-purpose boxes, square All-purpose boxes, round","PE, PP",1000          125              126 Code N3,,194
6210-2000,Containers,"All-purpose tubes with screw cap                               All-purpose boxes, square All-purpose boxes, round","PE, PP",2000              148                    169                 143 Code N3,,194
6206-1060,Containers,Sample containers,PP,50                      78                   31                      with labelling area and graduation                     650 Code N3,,195
6206-1100,Containers,Sample containers,PP,90                      80                   43                      with labelling area and graduation at 80 ml            350 Code N3,,195
6206-1300,Containers,Sample containers,PP,300                     88                   75                      graduated                                              240 Code N3,,195
5393-7000,Containers,DispoDipper,PP,50            standard     40        98            417            20 Code N4,,196
5393-7001,Containers,DispoDipper,PP,50            sterilised   40        98            417            20 Code N4,,196
5393-7010,Containers,DispoDipper,PP,100           standard     53        98            415            20 Code N4,,196
5393-7011,Containers,DispoDipper,PP,100           sterilised   53        98            415            20 Code N4,,196
5393-7020,Containers,DispoDipper,PP,250           standard     72        116           429            20 Code N4,,196
5393-7021,Containers,DispoDipper,PP,250           sterilised   72        116           429            20 Code N4,,196
7103-0125,Containers,Sample beaker with cover                               Advertise with your good name,"LDPE, PP",125           52           74 Code N3,Solvents,197
0435-9102,Containers,Compact jerrycan | for more content on less shelf width,"PP, aluminium",litre graduation                1 Support stand for two compact jerrycans (only for 5 l canister) Code N4,,199
0435-9103,Containers,Compact jerrycan | for more content on less shelf width,"PP, aluminium",1 Support stand for three compact jerrycans (only for 5 l canister) Code N4,,199
0435-9104,Containers,Compact jerrycan | for more content on less shelf width,"PP, aluminium", Canister support made of        9 Filling support for compact jerrycan 10 l Code N4,,199
0435-9200,Containers,Compact jerrycan | for more content on less shelf width,"PP, aluminium",aluminium for secure stand      2 Venting valve in screw cap Code N4,,199
0600-0090,Containers,Compact jerrycan | for more content on less shelf width,"PP, aluminium",as accessory (only for 5 l     Closure cap 3/4” Code N4,,199
0300-0000,Containers,Compact jerrycan | for more content on less shelf width,"PP, aluminium",Tamper-evident closure DIN 50 for compact jerrycan Code N4,,199
0525-1000,Containers,Compact jerrycan | for more content on less shelf width,"PP, aluminium",canister)                       3 StopCock angled (see page 40) Code N4,,199
0530-1000,Containers,Compact jerrycan | for more content on less shelf width,"PP, aluminium", Spigot StopCock with rotat-     4 Compact spigot (see page 41) Code N4,,199
0435-3000,Containers,Compact jerrycan | for more content on less shelf width,"PP, aluminium",able discharge angle and        5 Set consisting of one compact jerrycan 5 l and one spigot Compact Code N4,,199
0435-0001,Containers,Compact jerrycan | for more content on less shelf width,"PP, aluminium",6 Set consisting of one compact jerrycan 5 l and one spigot StopCock Code N4,,199
0435-3010,Containers,Compact jerrycan | for more content on less shelf width,"PP, aluminium","Compact spigot, which fits      7 Set consisting of one compact jerrycan 10 l and one spigot Compact Code N4",,199
0435-0010,Containers,Compact jerrycan | for more content on less shelf width,"PP, aluminium",canisters equipped with         8 Set consisting of one compact jerrycan 10 l and one spigot StopCock Code N4,,199
0525-1100,Containers,"Compact jerrycan, electroconductive","PA, aluminium","StopCock PA, electroconductive Code N4",Flammable liquids,200
0435-9102,Containers,"Compact jerrycan, electroconductive","PA, aluminium",Support stand for two compact jerrycans (only for 5 l canister) Code N4,Flammable liquids,200
0435-9103,Containers,"Compact jerrycan, electroconductive","PA, aluminium",Support stand for three compact jerrycans (only for 5 l canister) Code N4,Flammable liquids,200
0435-9104,Containers,"Compact jerrycan, electroconductive","PA, aluminium",Filling support for compact jerrycan 10 l Code N4,Flammable liquids,200
1428-0010,Containers,Electrically conductive canister with UN approval,,10                          300 x 200 x 258           3H1/Y1.5/200   DIN 61   770 Code N4,Flammable liquids,201
1428-0020,Containers,Electrically conductive canister with UN approval,,20                          300 x 200 x 495           3H1/Y1.5/150   DIN 61   1320 Code N4,Flammable liquids,201
1428-0030,Containers,Electrically conductive canister with UN approval,,30                          364 x 240 x 455           3H1/Y1.5/150   DIN 61   1350 Code N4,Flammable liquids,201
1427-9101,Containers,Jerrycans,,Screw closure DIN45 with spigot for jerrycans Code N3,,202
1427-9102,Containers,Jerrycans,,Screw closure DIN50 with spigot for jerrycans Code N3,,202
1427-9100,Containers,Jerrycans,,Screw closure DIN60 with spigot for jerrycans Code N3,,202
1427-9107,Containers,Jerrycans,,Original screw cap DIN45 Code N3,,202
1427-9105,Containers,Jerrycans,,Original screw cap DIN50 Code N3,,202
1427-9106,Containers,Jerrycans,,Original screw cap DIN60 Code N3,,202
0431-9051,Containers,Wide-necked jerrycans with/without threaded connector,,Graduation for wide-necked jerrycans 5 l Code N3,,203
0431-9011,Containers,Wide-necked jerrycans with/without threaded connector,,Graduation for wide-necked jerrycans 10 l Code N3,,203
0431-9021,Containers,Wide-necked jerrycans with/without threaded connector,,Graduation for wide-necked jerrycans 20 l Code N3,,203
0431-9031,Containers,Wide-necked jerrycans with/without threaded connector,,Graduation for wide-necked jerrycans 30 l Code N3,,203
0525-1000,Containers,Wide-necked jerrycans with/without threaded connector,,StopCock angled (see page 40) Code N4,,203
0530-1000,Containers,Wide-necked jerrycans with/without threaded connector,,Compact spigot (see page 41) Code N4,,203
0600-0090,Containers,Wide-necked jerrycans with/without threaded connector,,Closure cap 3/4” Code N4,,203
0401-9100,Containers,"Storage bottles, with/without threaded connector",,Ventilation seal for storage bottles Code N3,,204
0525-1000,Containers,"Storage bottles, with/without threaded connector",,1 StopCock angled (see page 40) Code N4,,204
0530-1000,Containers,"Storage bottles, with/without threaded connector",,2 Compact spigot (see page 41) Code N4,,204
3414-9900,Containers,Universal storage containers                                               Storage and stacking containers,PP,for 600 x 400 mm Code N2,,205
5399-2902,Containers,"Disposal kegs, wide-mouth containers                                                     Wide-mouth containers with handle","LDPE, PP","SampleSafe seal, red, 100 pieces Code N4",,206
3482-0401,Containers,"Wide-mouth containers, HDPE                                        Tubs, round                                              Mixing/dosing container",LDPE,"Lids for tubs, round, for 370 mm dia. Code N3",,207
3482-0751,Containers,"Wide-mouth containers, HDPE                                        Tubs, round                                              Mixing/dosing container",LDPE,"Lids for tubs, round, for 460 mm dia. Code N3",,207
0525-1000,Containers,"Containers, rectangular and round shaped",LDPE, Rupture-proof                                                       StopCock angled (see page 40) Code N4,,208
0530-1000,Containers,"Containers, rectangular and round shaped",LDPE,Compact spigot (see page 41) Code N4,,208
3490-0144,Containers,"Containers, rectangular                                                               Lid for containers, rectangular",,14             245               325             5 Code N2,,209
3490-0141,Containers,"Containers, rectangular                                                               Lid for containers, rectangular",,for 14 l container Code N2,,209
3490-0254,Containers,"Containers, rectangular                                                               Lid for containers, rectangular",,25             310               390             5 Code N2,,209
3490-0251,Containers,"Containers, rectangular                                                               Lid for containers, rectangular",,for 25 l container Code N2,,209
3490-0305,Containers,"Containers, rectangular                                                               Lid for containers, rectangular",,30             310               430             5 Code N2,,209
3490-0301,Containers,"Containers, rectangular                                                               Lid for containers, rectangular",,for 30 l container Code N2,,209
3490-0355,Containers,"Containers, rectangular                                                               Lid for containers, rectangular",,35             320               530             5 Code N2,,209
3490-0351,Containers,"Containers, rectangular                                                               Lid for containers, rectangular",,for 35 l container Code N2,,209
3490-0505,Containers,"Containers, rectangular                                                               Lid for containers, rectangular",,50             410               480             5 Code N2,,209
3490-0501,Containers,"Containers, rectangular                                                               Lid for containers, rectangular",,for 50 l container Code N2,,209
3490-0555,Containers,"Containers, rectangular                                                               Lid for containers, rectangular",,55             310               915             5 Code N2,,209
3490-0551,Containers,"Containers, rectangular                                                               Lid for containers, rectangular",,for 55 l container Code N2,,209
3490-0605,Containers,"Containers, rectangular                                                               Lid for containers, rectangular",,60             410               530             5 Code N2,,209
3490-0601,Containers,"Containers, rectangular                                                               Lid for containers, rectangular",,for 60 l container Code N2,,209
3490-0805,Containers,"Containers, rectangular                                                               Lid for containers, rectangular",,80             430               590             5 Code N2,,209
3490-0801,Containers,"Containers, rectangular                                                               Lid for containers, rectangular",,for 80 l container Code N2,,209
3490-0855,Containers,"Containers, rectangular                                                               Lid for containers, rectangular",,85             390               710             5 Code N2,,209
3490-0851,Containers,"Containers, rectangular                                                               Lid for containers, rectangular",,for 85 l container Code N2,,209
3490-1005,Containers,"Containers, rectangular                                                               Lid for containers, rectangular",,100            470               680             5 Code N2,,209
3490-1001,Containers,"Containers, rectangular                                                               Lid for containers, rectangular",,for 100 l container Code N2,,209
3490-1106,Containers,"Containers, rectangular                                                               Lid for containers, rectangular",,110            540               540             6 Code N2,,209
3490-1101,Containers,"Containers, rectangular                                                               Lid for containers, rectangular",,for 110 l container Code N2,,209
3490-1206,Containers,"Containers, rectangular                                                               Lid for containers, rectangular",,120            470               720             6 Code N2,,209
3490-1201,Containers,"Containers, rectangular                                                               Lid for containers, rectangular",,for 120 l container Code N2,,209
3490-1456,Containers,"Containers, rectangular                                                               Lid for containers, rectangular",,145            600               510             6 Code N2,,209
3490-1451,Containers,"Containers, rectangular                                                               Lid for containers, rectangular",,for 145 l container Code N2,,209
3490-1506,Containers,"Containers, rectangular                                                               Lid for containers, rectangular",,150            550               730             6 Code N2,,209
3490-1501,Containers,"Containers, rectangular                                                               Lid for containers, rectangular",,for 150 l container Code N2,,209
3490-1606,Containers,"Containers, rectangular                                                               Lid for containers, rectangular",,160            460               1020            6 Code N2,,209
3490-1601,Containers,"Containers, rectangular                                                               Lid for containers, rectangular",,for 160 l container Code N2,,209
3490-1806,Containers,"Containers, rectangular                                                               Lid for containers, rectangular",,180            540               820             6 Code N2,,209
3490-1801,Containers,"Containers, rectangular                                                               Lid for containers, rectangular",,for 180 l container Code N2,,209
3490-2006,Containers,"Containers, rectangular                                                               Lid for containers, rectangular",,200            560               840             6 Code N2,,209
3490-2001,Containers,"Containers, rectangular                                                               Lid for containers, rectangular",,for 200 l container Code N2,,209
3490-2056,Containers,"Containers, rectangular                                                               Lid for containers, rectangular",,205            800               440             6 Code N2,,209
3490-2051,Containers,"Containers, rectangular                                                               Lid for containers, rectangular",,for 205 l container Code N2,,209
3490-2106,Containers,"Containers, rectangular                                                               Lid for containers, rectangular",,210            540               950             6 Code N2,,209
3490-2101,Containers,"Containers, rectangular                                                               Lid for containers, rectangular",,for 210 l container Code N2,,209
3490-2506,Containers,"Containers, rectangular                                                               Lid for containers, rectangular",,250            550               1040            6 Code N2,,209
3490-2501,Containers,"Containers, rectangular                                                               Lid for containers, rectangular",,for 250 l container Code N2,,209
3490-2906,Containers,"Containers, rectangular                                                               Lid for containers, rectangular",,290            740               770             6 Code N2,,209
3490-2901,Containers,"Containers, rectangular                                                               Lid for containers, rectangular",,for 290 l container Code N2,,209
3490-3006,Containers,"Containers, rectangular                                                               Lid for containers, rectangular",,300            690               830             6 Code N2,,209
3490-3001,Containers,"Containers, rectangular                                                               Lid for containers, rectangular",,for 300 l container Code N2,,209
3490-4006,Containers,"Containers, rectangular                                                               Lid for containers, rectangular",,400            760               1050            6 Code N2,,209
3490-4001,Containers,"Containers, rectangular                                                               Lid for containers, rectangular",,for 400 l container Code N2,,209
3490-8507,Containers,"Containers, rectangular                                                               Lid for containers, rectangular",,850            970               1170            7 Code N2,,209
3490-8501,Containers,"Containers, rectangular                                                               Lid for containers, rectangular",,for 850 l container Code N2,,209
0600-3100,Containers,Safety jerrycans stainless steel                                                                                          Safety cans stainless steel,"AISI 304, AISI 316, PTFE, Stainless steel, aluminium, stainless steel","Thread adapter stainless steel, inner G 1 1/2” - inner G 2” Code N4",,210
0600-3100,Containers,Safety storage container stainless steel,"AISI 304, AISI 316, PTFE, stainless steel","Thread adapter stainless steel, inner G 1 1/2” - inner G 2” Code N4",,211
2327-0001,Containers,Packaging bucket                                                            Packaging bags with closure,"LDPE, PP",1                  132                131 Code N3,Aggressive chemicals,212
2348-0005,Containers,Packaging bucket                                                            Packaging bags with closure,"LDPE, PP",170 x 120          400                100 Code N3,Aggressive chemicals,212
2327-0020,Containers,Packaging bucket                                                            Packaging bags with closure,"LDPE, PP",2                  175                132 Code N3,Aggressive chemicals,212
2348-0006,Containers,Packaging bucket                                                            Packaging bags with closure,"LDPE, PP",220 x 160          1000               100 Code N3,Aggressive chemicals,212
2327-0030,Containers,Packaging bucket                                                            Packaging bags with closure,"LDPE, PP",3                  225                123 Code N3,Aggressive chemicals,212
2348-0007,Containers,Packaging bucket                                                            Packaging bags with closure,"LDPE, PP",250 x 180          1500               100 Code N3,Aggressive chemicals,212
2327-0050,Containers,Packaging bucket                                                            Packaging bags with closure,"LDPE, PP",5                  225                194 Code N3,Aggressive chemicals,212
2348-0008,Containers,Packaging bucket                                                            Packaging bags with closure,"LDPE, PP",300 x 200          2500               100 Code N3,Aggressive chemicals,212
2327-0010,Containers,Packaging bucket                                                            Packaging bags with closure,"LDPE, PP",10                 268                263 Code N3,Aggressive chemicals,212
2348-0009,Containers,Packaging bucket                                                            Packaging bags with closure,"LDPE, PP",350 x 250          4500               100 Code N3,Aggressive chemicals,212
2348-0010,Containers,Packaging bucket                                                            Packaging bags with closure,"LDPE, PP",400 x 300          6500               100 Code N3,Aggressive chemicals,212
5344-8000,Containers,Sampling bag SteriBag,,"degree of security, steril-                                       300                  200x145          100 Code N4",,213
4201-0095,Industrial & laboratory equipment,"All-purpose trays | hygienic, easy to clean",PP,Laboratory trays / spill troughs set - 4 piece set Code N4,Aggressive chemicals,216
4201-0100,Industrial & laboratory equipment,"All-purpose trays | hygienic, easy to clean",PP,Laboratory trays / spill troughs set - 6 piece set Code N4,Aggressive chemicals,216
4201-0095,Industrial & laboratory equipment,Laboratory trays / spill troughs set,,4 piece set                            1 – 15 Code N4,,217
4201-0100,Industrial & laboratory equipment,Laboratory trays / spill troughs set,,6 piece set                            1 – 60 Code N4,,217
4208-0020,Samplers,"Bowl stainless steel, shallow form                                         Bowl stainless steel, deep form",stainless steel,200 x 150 x 50 Code N4,,218
4208-0040,Samplers,"Bowl stainless steel, shallow form                                         Bowl stainless steel, deep form",stainless steel,400 x 200 x 100 Code N4,,218
4208-0021,Samplers,"Bowl stainless steel, shallow form                                         Bowl stainless steel, deep form",stainless steel,280 x 180 x 50 Code N4,,218
4208-0041,Samplers,"Bowl stainless steel, shallow form                                         Bowl stainless steel, deep form",stainless steel,400 x 300 x 100 Code N4,,218
4208-0022,Samplers,"Bowl stainless steel, shallow form                                         Bowl stainless steel, deep form",stainless steel,300 x 200 x 50 Code N4,,218
4208-0042,Samplers,"Bowl stainless steel, shallow form                                         Bowl stainless steel, deep form",stainless steel,500 x 300 x 100 Code N4,,218
4208-0023,Samplers,"Bowl stainless steel, shallow form                                         Bowl stainless steel, deep form",stainless steel,300 x 250 x 50 Code N4,,218
4208-0024,Samplers,"Bowl stainless steel, shallow form                                         Bowl stainless steel, deep form",stainless steel,400 x 300 x 50 Code N4,,218
4208-0025,Samplers,"Bowl stainless steel, shallow form                                         Bowl stainless steel, deep form",stainless steel,500 x 300 x 50 Code N4,,218
4230-2051,Samplers,Instrument trays                                                            Bowls sterilisable,PP,"Lids for instrument trays 500 ml, PS crystal clear Code N3",,219
4230-2071,Samplers,Instrument trays                                                            Bowls sterilisable,PP,"Lids for instrument trays 700 ml, PS crystal clear Code N3",,219
4230-2101,Samplers,Instrument trays                                                            Bowls sterilisable,PP,"Lids for instrument trays 1000/1800 ml, PS crystal clear Code N3",,219
4230-2231,Samplers,Instrument trays                                                            Bowls sterilisable,PP,"Lids for instrument trays 2300/5500 ml, PS crystal clear Code N3",,219
4208-0001,Samplers,Tray stainless steel                                                      Instrument servers,stainless steel,280 x 180 x 20 Code N4,,220
4230-3019,Samplers,Tray stainless steel                                                      Instrument servers,stainless steel,190 x 150 x 17 Code N3,,220
4208-0002,Samplers,Tray stainless steel                                                      Instrument servers,stainless steel,330 x 230 x 20 Code N4,,220
4230-3024,Samplers,Tray stainless steel                                                      Instrument servers,stainless steel,240 x 180 x 17 Code N3,,220
4208-0003,Samplers,Tray stainless steel                                                      Instrument servers,stainless steel,460 x 300 x 20 Code N4,,220
4230-3027,Samplers,Tray stainless steel                                                      Instrument servers,stainless steel,268 x 208 x 17 Code N3,,220
4208-0004,Samplers,Tray stainless steel                                                      Instrument servers,stainless steel,520 x 395 x 20 Code N4,,220
4230-3036,Samplers,Tray stainless steel                                                      Instrument servers,stainless steel,355 x 240 x 17 Code N3,,220
4230-3043,Samplers,Tray stainless steel                                                      Instrument servers,stainless steel,428 x 288 x 17 Code N3,,220
2309-0010,Samplers,"Bucket, stainless steel                                   Packaging bucket","PP, Stainless steel, stainless
steel, stainless steel",10              275          275 Code N4,Aggressive chemicals,221
2327-0001,Samplers,"Bucket, stainless steel                                   Packaging bucket","PP, Stainless steel, stainless
steel, stainless steel",1                      132                     131 Code N3,Aggressive chemicals,221
2309-0015,Samplers,"Bucket, stainless steel                                   Packaging bucket","PP, Stainless steel, stainless
steel, stainless steel",15              330          305 Code N4,Aggressive chemicals,221
2327-0020,Samplers,"Bucket, stainless steel                                   Packaging bucket","PP, Stainless steel, stainless
steel, stainless steel",2                      175                     132 Code N3,Aggressive chemicals,221
2327-0030,Samplers,"Bucket, stainless steel                                   Packaging bucket","PP, Stainless steel, stainless
steel, stainless steel",3                      225                     123 Code N3,Aggressive chemicals,221
2327-0050,Samplers,"Bucket, stainless steel                                   Packaging bucket","PP, Stainless steel, stainless
steel, stainless steel",5                      225                     194 Code N3,Aggressive chemicals,221
2327-0010,Samplers,"Bucket, stainless steel                                   Packaging bucket","PP, Stainless steel, stainless
steel, stainless steel",10                     268                     263 Code N3,Aggressive chemicals,221
2308-0900,Samplers,Industrial bucket with metal handle                                    Laboratory bucket,PE,9                   280               250 Code N3,,222
2306-0010,Samplers,Industrial bucket with metal handle                                    Laboratory bucket,PE,10                  290              280 Code N3,,222
2308-1200,Samplers,Industrial bucket with metal handle                                    Laboratory bucket,PE,12                  300               280 Code N3,,222
2306-0015,Samplers,Industrial bucket with metal handle                                    Laboratory bucket,PE,15                  320              340 Code N3,,222
2308-1700,Samplers,Industrial bucket with metal handle                                    Laboratory bucket,PE,17                  340               310 Code N3,,222
2307-0017,Samplers,Bucket HDPE                                             Four-sided bucket                                        Bucket made of PP,"PE, PP",17        black     330       315 Code N3,,223
2350-0141,Samplers,Bucket HDPE                                             Four-sided bucket                                        Bucket made of PP,"PE, PP",Lid for four-sided bucket Code N3,,223
2307-0018,Samplers,Bucket HDPE                                             Four-sided bucket                                        Bucket made of PP,"PE, PP",17        white     330       315 Code N3,,223
9602-0251,Containers,"Funnels | transparent, available in many different sizes                   Powder funnels PP/PE","PE, PP",Sieve for barrel funnels 203/260/360 mm Code N3,,224
9604-0001,Containers,"Funnel, stainless steel                                     Disposable funnel for liquids/powders","AISI 304, Stainless steel, stainless steel",60                        13 Code N4,,225
9604-0003,Containers,"Funnel, stainless steel                                     Disposable funnel for liquids/powders","AISI 304, Stainless steel, stainless steel",100                       13 Code N4,,225
5378-6004,Containers,"Funnel, stainless steel                                     Disposable funnel for liquids/powders","AISI 304, Stainless steel, stainless steel",100                         10                          10 Code N4,,225
9604-0005,Containers,"Funnel, stainless steel                                     Disposable funnel for liquids/powders","AISI 304, Stainless steel, stainless steel",150                       19 Code N4,,225
9604-0008,Containers,"Funnel, stainless steel                                     Disposable funnel for liquids/powders","AISI 304, Stainless steel, stainless steel",300                       20 Code N4,,225
5378-6008,Containers,"Funnel, stainless steel                                     Disposable funnel for liquids/powders","AISI 304, Stainless steel, stainless steel",100                         25                          10 Code N4,,225
9622-0001,Containers,Funnel stands,PP,"Funnel stand with two funnel holders       Funnel stand with four funnel holders      Funnel holder with reducing insert, for funnels Ø 40-180 mm Code N4",,226
7118-2001,Containers,Funnel stands,PP,and two reducing inserts. Space-saving     and four reducing inserts. A very sturdy   Sedimentation funnel holder for Imhoff funnels from Ø 90 mm Code N4,,226
9630-0100,Containers,Funnel stands,PP,"Replacement set for pipette stand, two perforated plates/ Code N4",,226
7118-1000,Containers,Sedimentation funnel                                                                                             Safety funnel,"PP, stainless steel","Funnel, single Code N3",,227
7104-0100,Containers,Graduated beakers with handle,PP,100           50             40               80 Code N3,,228
7102-0100,Containers,Graduated beakers with handle,PP,100               50                40               80 Code N3,,228
7104-0250,Containers,Graduated beakers with handle,PP,250           70             50               120 Code N3,,228
7102-0250,Containers,Graduated beakers with handle,PP,250               70                50               120 Code N3,,228
7104-0500,Containers,Graduated beakers with handle,PP,500           91             75               140 Code N3,,228
7102-0500,Containers,Graduated beakers with handle,PP,500               91                75               140 Code N3,,228
7104-1000,Containers,Graduated beakers with handle,PP,1000          116            95               181 Code N3,,228
7102-1000,Containers,Graduated beakers with handle,PP,1000              116               95               181 Code N3,,228
7104-2000,Containers,Graduated beakers with handle,PP,2000          150            125              213 Code N3,,228
7102-2000,Containers,Graduated beakers with handle,PP,2000              150               125              213 Code N3,,228
7104-3000,Containers,Graduated beakers with handle,PP,3000          170            120              242 Code N3,,228
7102-3000,Containers,Graduated beakers with handle,PP,3000              170               120              242 Code N3,,228
7104-5000,Containers,Graduated beakers with handle,PP,5000          210            160              270 Code N3,,228
7102-5000,Containers,Graduated beakers with handle,PP,5000              210               160              270 Code N3,,228
7110-1000,Containers,"Laboratory beakers/Griffin beakers, PP                                            Graduated beakers, stackable",PP,ml                                                    1000          10               167         125 Code N3,,229
7122-0025,Containers,"Laboratory beakers/Griffin beakers, PP                                            Graduated beakers, stackable",PP,25            1             5              34        49 Code N3,,229
7110-2000,Containers,"Laboratory beakers/Griffin beakers, PP                                            Graduated beakers, stackable",PP,2000          20               212         148 Code N3,,229
7122-0050,Containers,"Laboratory beakers/Griffin beakers, PP                                            Graduated beakers, stackable",PP,50            5             10             43        60 Code N3,,229
7122-0100,Containers,"Laboratory beakers/Griffin beakers, PP                                            Graduated beakers, stackable",PP,100           5             10             51        72 Code N3,,229
7122-0150,Containers,"Laboratory beakers/Griffin beakers, PP                                            Graduated beakers, stackable",PP,150           5             10             58        82 Code N3,,229
7122-0250,Containers,"Laboratory beakers/Griffin beakers, PP                                            Graduated beakers, stackable",PP,250           5             20             70        95 Code N3,,229
7122-0400,Containers,"Laboratory beakers/Griffin beakers, PP                                            Graduated beakers, stackable",PP,400           10            20             80        110 Code N3,,229
7122-0500,Containers,"Laboratory beakers/Griffin beakers, PP                                            Graduated beakers, stackable",PP,500           50            50             94        118 Code N3,,229
7122-0600,Containers,"Laboratory beakers/Griffin beakers, PP                                            Graduated beakers, stackable",PP,600           25            50             93        125 Code N3,,229
7122-1000,Containers,"Laboratory beakers/Griffin beakers, PP                                            Graduated beakers, stackable",PP,1000          50            100            108       148 Code N3,,229
7122-2000,Containers,"Laboratory beakers/Griffin beakers, PP                                            Graduated beakers, stackable",PP,2000          100           200            140       188 Code N3,,229
7122-3000,Containers,"Laboratory beakers/Griffin beakers, PP                                            Graduated beakers, stackable",PP,3000          250           500            170       212 Code N3,,229
7122-5000,Containers,"Laboratory beakers/Griffin beakers, PP                                            Graduated beakers, stackable",PP,5000          500           500            203       247 Code N3,,229
7506-0100,Containers,"Graduated cylinders, tall form                                       Graduated cylinders, tall form, made of SAN",,100           1             34            65           260 Code N3,,230
7506-0500,Containers,"Graduated cylinders, tall form                                       Graduated cylinders, tall form, made of SAN",,500           5             61            95           350 Code N3,,230
7506-1000,Containers,"Graduated cylinders, tall form                                       Graduated cylinders, tall form, made of SAN",,1000          10            76            125          415 Code N3,,230
7503-0050,Containers,Graduated cylinders made of PP                                                      Graduated cylinders made of PP,PP,50            1             27            55           200 Code N3,,231
7502-0050,Containers,Graduated cylinders made of PP                                                      Graduated cylinders made of PP,PP,50            1             27            55           200 Code N3,,231
7503-0100,Containers,Graduated cylinders made of PP                                                      Graduated cylinders made of PP,PP,100           1             33            65           250 Code N3,,231
7502-0100,Containers,Graduated cylinders made of PP                                                      Graduated cylinders made of PP,PP,100           1             33            65           250 Code N3,,231
7503-0250,Containers,Graduated cylinders made of PP                                                      Graduated cylinders made of PP,PP,250           2             44            75           315 Code N3,,231
7502-0250,Containers,Graduated cylinders made of PP                                                      Graduated cylinders made of PP,PP,250           2             44            75           315 Code N3,,231
7503-0500,Containers,Graduated cylinders made of PP                                                      Graduated cylinders made of PP,PP,500           5             58            95           360 Code N3,,231
7502-0500,Containers,Graduated cylinders made of PP                                                      Graduated cylinders made of PP,PP,500           5             58            95           360 Code N3,,231
7503-1000,Containers,Graduated cylinders made of PP                                                      Graduated cylinders made of PP,PP,1000          10            69            125          440 Code N3,,231
7502-1000,Containers,Graduated cylinders made of PP                                                      Graduated cylinders made of PP,PP,1000          10            69            125          440 Code N3,,231
7503-2000,Containers,Graduated cylinders made of PP                                                      Graduated cylinders made of PP,PP,2000          20            97            160          482 Code N3,,231
7502-2000,Containers,Graduated cylinders made of PP                                                      Graduated cylinders made of PP,PP,2000          20            97            160          482 Code N3,,231
7210-0500,Containers,Measuring jugs industrial,PP,500                   90                   135         10 Code N3,Acids/alkalis,232
7210-1000,Containers,Measuring jugs industrial,PP,1000                  117                  165         10 Code N3,Acids/alkalis,232
7210-2000,Containers,Measuring jugs industrial,PP,2000                  151                  206         20 Code N3,Acids/alkalis,232
7210-3000,Containers,Measuring jugs industrial,PP,3000                  175                  238         50 Code N3,Acids/alkalis,232
7210-5000,Containers,Measuring jugs industrial,PP,5000                  203                  257         100 Code N3,Acids/alkalis,232
7109-0050,Containers,Universal graduated beakers,PP,of Chemical Resistance“!       50                     31               45            5 Code N3,,233
7109-0100,Containers,Universal graduated beakers,PP,100                    38               55            10 Code N3,,233
7109-0250,Containers,Universal graduated beakers,PP,250                    48               75            10 Code N3,,233
7109-0400,Containers,Universal graduated beakers,PP,400                    51               83            20 Code N3,,233
7109-1000,Containers,Universal graduated beakers,PP,Bulk price                 1000                   72               113           50 Code N3,,233
9695-1005,Containers,Titrating burette automatic,"PE, PP",5                0.05          ± 0.03         61            0.5 Code N4,,234
9695-1010,Containers,Titrating burette automatic,"PE, PP",10               0.05          ± 0.045        56            0.5 Code N4,,234
9695-1015,Containers,Titrating burette automatic,"PE, PP",15               0.1           ± 0.045        52            0.5 Code N4,,234
9695-1025,Containers,Titrating burette automatic,"PE, PP",25               0.1           ± 0.075        65            1 Code N4,,234
9695-1050,Containers,Titrating burette automatic,"PE, PP",50               0.1           ± 0.075        92            1 Code N4,,234
9695-3015,Containers,Splinter-proof titrating burette,"PE, PP",15               0.1               ± 0.045        52          0.5 Code N4,,235
9695-3025,Containers,Splinter-proof titrating burette,"PE, PP",25               0.1               ± 0.075        65          1 Code N4,,235
9695-3050,Containers,Splinter-proof titrating burette,"PE, PP",50               0.1               ± 0.075        92          1 Code N4,,235
9622-0001,Containers,Pipette stand,PP,"Funnel holder with reducing insert, for funnels Ø 40-180 mm Code N4",,236
7118-2001,Containers,Pipette stand,PP,Sedimentation funnel holder for Imhoff funnels from Ø 90 mm Code N4,,236
7556-0025,Containers,Single-use pipettes PS                                                    Disposable pipettes LDPE,LDPE,25 Code N3,,237
7555-0001,Containers,Single-use pipettes PS                                                    Disposable pipettes LDPE,LDPE,1.8           98           100 Code N4,,237
7556-0050,Containers,Single-use pipettes PS                                                    Disposable pipettes LDPE,LDPE,50 Code N3,,237
7555-0002,Containers,Single-use pipettes PS                                                    Disposable pipettes LDPE,LDPE,1.7           145          100 Code N4,,237
7556-0100,Containers,Single-use pipettes PS                                                    Disposable pipettes LDPE,LDPE,100 Code N3,,237
7555-0003,Containers,Single-use pipettes PS                                                    Disposable pipettes LDPE,LDPE,2.4           155          100 Code N4,,237
7554-0006,Containers,Safety pipetting-ball                                          Pipette rinsing system,PE,green Code N3,,238
9650-0651,Containers,Safety pipetting-ball                                          Pipette rinsing system,PE,10                  155                   165               240                 550 Code N3,,238
9650-0652,Containers,Safety pipetting-ball                                          Pipette rinsing system,PE,12.5                155                   165               240                 660 Code N3,,238
9764-0610,Containers,Standard bungs silicone                                                                 Bungs PE,PE,5                       9                      20 Code N3,,239
9760-0716,Containers,Standard bungs silicone                                                                 Bungs PE,PE,7/16          5.9              7.5 Code N3,,239
9764-0913,Containers,Standard bungs silicone                                                                 Bungs PE,PE,8                       12                     20 Code N3,,239
9760-1019,Containers,Standard bungs silicone                                                                 Bungs PE,PE,10/19         8.2              10 Code N3,,239
9764-1115,Containers,Standard bungs silicone                                                                 Bungs PE,PE,10.5                    14.5                   20 Code N3,,239
9760-1221,Containers,Standard bungs silicone                                                                 Bungs PE,PE,12/21         10.4             12.5 Code N3,,239
9764-1418,Containers,Standard bungs silicone                                                                 Bungs PE,PE,14                      18                     20 Code N3,,239
9760-1423,Containers,Standard bungs silicone                                                                 Bungs PE,PE,14/23         12.1             14.5 Code N3,,239
9764-1621,Containers,Standard bungs silicone                                                                 Bungs PE,PE,17                      22                     25 Code N3,,239
9760-1926,Containers,Standard bungs silicone                                                                 Bungs PE,PE,19/26         16.4             19 Code N3,,239
9764-1924,Containers,Standard bungs silicone                                                                 Bungs PE,PE,18                      24                     30 Code N3,,239
9760-2429,Containers,Standard bungs silicone                                                                 Bungs PE,PE,24/29         21.1             24 Code N3,,239
9764-2227,Containers,Standard bungs silicone                                                                 Bungs PE,PE,21                      27                     30 Code N3,,239
9760-2932,Containers,Standard bungs silicone                                                                 Bungs PE,PE,29/32         25.8             29 Code N3,,239
9764-2531,Containers,Standard bungs silicone                                                                 Bungs PE,PE,26                      32                     30 Code N3,,239
9760-3435,Containers,Standard bungs silicone                                                                 Bungs PE,PE,34/35         31               34.5 Code N3,,239
9764-2834,Containers,Standard bungs silicone                                                                 Bungs PE,PE,29                      35                     30 Code N3,,239
9760-4045,Containers,Standard bungs silicone                                                                 Bungs PE,PE,45/40         41               45 Code N3,,239
9640-0421,Containers,"Draining rack, wallmount | practical, hygienic, attractive shape","PP, PVC","Rods for draining rack length 60 mm, dia. 6 mm Code N4",,240
9640-0410,Containers,"Draining rack, wallmount | practical, hygienic, attractive shape","PP, PVC","Rods for draining rack length 100 mm, dia. 10 mm Code N4",,240
9640-0415,Containers,"Draining rack, wallmount | practical, hygienic, attractive shape","PP, PVC","Extension rods for draining rack length 150 mm, dia. 12 mm Code N4",,240
9635-0041,Samplers,"Draining rack, benchtop                                                     Test-tube racks",PP,"25                            24, 3x8 slots    246 x 104 x 64 Code N3",,241
9640-0421,Samplers,"Draining rack, benchtop                                                     Test-tube racks",PP,"Rods for draining rack length 60 mm, dia. 6 mm Code N4",,241
9640-0410,Samplers,"Draining rack, benchtop                                                     Test-tube racks",PP,"Rods for draining rack length 100 mm, dia. 10 mm Code N4",,241
9640-0415,Samplers,"Draining rack, benchtop                                                     Test-tube racks",PP,"Extension rods for draining rack length 150 mm, dia. 12 mm Code N4",,241
9805-0030,Samplers,SnowPack ® dry ice machine | -79 °C cryogenic cooling on-tap,,SnowPack® 50     50 x 30              50         1                 approx. 90 Code N4,,242
9805-0200,Samplers,SnowPack ® dry ice machine | -79 °C cryogenic cooling on-tap,,SnowPack® 250    80 x 60              250        1                 approx. 16 Code N4,,242
0006-9506,Samplers,PVC pressure tubing                                                                       PVC industrial tubing,PVC,Hose cutter Code N3,,243
0006-9506,Samplers,PTFE tubing                                                                               PE tubing,"PE, PTFE",Hose cutter Code N3,Acids/alkalis,244
0006-9506,Samplers,Silicone tubing                                                                    Hose cutter,,Code N3,Solvents,245
8706-0004,Samplers,Y-connectors                                                            T-connectors,"PP, PVDF",PP                 3-5               10 Code N4,,247
8705-0004,Samplers,Y-connectors                                                            T-connectors,"PP, PVDF",PP                 3-5               10 Code N4,,247
8706-0006,Samplers,Y-connectors                                                            T-connectors,"PP, PVDF",PP                 5-7               10 Code N4,,247
8705-0006,Samplers,Y-connectors                                                            T-connectors,"PP, PVDF",PP                 5-7               10 Code N4,,247
8706-0007,Samplers,Y-connectors                                                            T-connectors,"PP, PVDF",PP                 6-8               10 Code N4,,247
8705-0008,Samplers,Y-connectors                                                            T-connectors,"PP, PVDF",PP                 7-9               10 Code N4,,247
8706-0008,Samplers,Y-connectors                                                            T-connectors,"PP, PVDF",PP                 7-9               10 Code N4,,247
8705-0010,Samplers,Y-connectors                                                            T-connectors,"PP, PVDF",PP                 9-11              10 Code N4,,247
8706-0010,Samplers,Y-connectors                                                            T-connectors,"PP, PVDF",PP                 9-11              10 Code N4,,247
8705-0012,Samplers,Y-connectors                                                            T-connectors,"PP, PVDF",PP                 11-13             10 Code N4,,247
8706-0012,Samplers,Y-connectors                                                            T-connectors,"PP, PVDF",PP                 11-13             10 Code N4,,247
8705-0014,Samplers,Y-connectors                                                            T-connectors,"PP, PVDF",PP                 13-15             10 Code N4,,247
8706-0014,Samplers,Y-connectors                                                            T-connectors,"PP, PVDF",PP                 13-15             10 Code N4,,247
8711-0004,Samplers,Y-connectors                                                            T-connectors,"PP, PVDF",PVDF               3-5               10 Code N4,,247
8712-0004,Samplers,Y-connectors                                                            T-connectors,"PP, PVDF",PVDF               3-5               10 Code N4,,247
8711-0006,Samplers,Y-connectors                                                            T-connectors,"PP, PVDF",PVDF               5-7               10 Code N4,,247
8712-0006,Samplers,Y-connectors                                                            T-connectors,"PP, PVDF",PVDF               5-7               10 Code N4,,247
8711-0008,Samplers,Y-connectors                                                            T-connectors,"PP, PVDF",PVDF               7-9               10 Code N4,,247
8712-0008,Samplers,Y-connectors                                                            T-connectors,"PP, PVDF",PVDF               7-9               10 Code N4,,247
8711-0010,Samplers,Y-connectors                                                            T-connectors,"PP, PVDF",PVDF               9-11              10 Code N4,,247
8712-0010,Samplers,Y-connectors                                                            T-connectors,"PP, PVDF",PVDF               9-11              10 Code N4,,247
8711-0012,Samplers,Y-connectors                                                            T-connectors,"PP, PVDF",PVDF               11-13             10 Code N4,,247
8712-0012,Samplers,Y-connectors                                                            T-connectors,"PP, PVDF",PVDF               11-13             10 Code N4,,247
8711-0014,Samplers,Y-connectors                                                            T-connectors,"PP, PVDF",PVDF               13-15             10 Code N4,,247
8712-0014,Samplers,Y-connectors                                                            T-connectors,"PP, PVDF",PVDF               13-15             10 Code N4,,247
8707-0004,Samplers,Angled connectors                                                       Four-way-connectors,"PP, PVDF",PP                  3-5              10 Code N4,,248
8708-0004,Samplers,Angled connectors                                                       Four-way-connectors,"PP, PVDF",PP                3-5                10 Code N4,,248
8707-0006,Samplers,Angled connectors                                                       Four-way-connectors,"PP, PVDF",PP                  5-7              10 Code N4,,248
8708-0006,Samplers,Angled connectors                                                       Four-way-connectors,"PP, PVDF",PP                5-7                10 Code N4,,248
8707-0008,Samplers,Angled connectors                                                       Four-way-connectors,"PP, PVDF",PP                  7-9              10 Code N4,,248
8708-0008,Samplers,Angled connectors                                                       Four-way-connectors,"PP, PVDF",PP                7-9                10 Code N4,,248
8707-0010,Samplers,Angled connectors                                                       Four-way-connectors,"PP, PVDF",PP                  9-11             10 Code N4,,248
8708-0010,Samplers,Angled connectors                                                       Four-way-connectors,"PP, PVDF",PP                9-11               10 Code N4,,248
8707-0012,Samplers,Angled connectors                                                       Four-way-connectors,"PP, PVDF",PP                  11-13            10 Code N4,,248
8708-0012,Samplers,Angled connectors                                                       Four-way-connectors,"PP, PVDF",PP                11-13              10 Code N4,,248
8707-0014,Samplers,Angled connectors                                                       Four-way-connectors,"PP, PVDF",PP                  13-15            10 Code N4,,248
8708-0014,Samplers,Angled connectors                                                       Four-way-connectors,"PP, PVDF",PP                13-15              10 Code N4,,248
8713-0004,Samplers,Angled connectors                                                       Four-way-connectors,"PP, PVDF",PVDF                3-5              10 Code N4,,248
8717-0004,Samplers,Angled connectors                                                       Four-way-connectors,"PP, PVDF",PVDF              3-5                10 Code N4,,248
8713-0006,Samplers,Angled connectors                                                       Four-way-connectors,"PP, PVDF",PVDF                5-7              10 Code N4,,248
8717-0006,Samplers,Angled connectors                                                       Four-way-connectors,"PP, PVDF",PVDF              5-7                10 Code N4,,248
8713-0008,Samplers,Angled connectors                                                       Four-way-connectors,"PP, PVDF",PVDF                7-9              10 Code N4,,248
8717-0008,Samplers,Angled connectors                                                       Four-way-connectors,"PP, PVDF",PVDF              7-9                10 Code N4,,248
8713-0010,Samplers,Angled connectors                                                       Four-way-connectors,"PP, PVDF",PVDF                9-11             10 Code N4,,248
8717-0010,Samplers,Angled connectors                                                       Four-way-connectors,"PP, PVDF",PVDF              9-11               10 Code N4,,248
8713-0012,Samplers,Angled connectors                                                       Four-way-connectors,"PP, PVDF",PVDF                11-13            10 Code N4,,248
8717-0012,Samplers,Angled connectors                                                       Four-way-connectors,"PP, PVDF",PVDF              11-13              10 Code N4,,248
8713-0014,Samplers,Angled connectors                                                       Four-way-connectors,"PP, PVDF",PVDF                13-15            10 Code N4,,248
8717-0014,Samplers,Angled connectors                                                       Four-way-connectors,"PP, PVDF",PVDF              13-15              10 Code N4,,248
8701-0004,Samplers,"Hose tubing connectors, straight, cylindrical                                Universal hose tubing connectors","PP, PVDF",PP                   3-5                  10 Code N4,,249
8700-0417,Samplers,"Hose tubing connectors, straight, cylindrical                                Universal hose tubing connectors","PP, PVDF",PP                  4-17                10 Code N4,,249
8701-0006,Samplers,"Hose tubing connectors, straight, cylindrical                                Universal hose tubing connectors","PP, PVDF",PP                   5-7                  10 Code N4,,249
8710-0417,Samplers,"Hose tubing connectors, straight, cylindrical                                Universal hose tubing connectors","PP, PVDF",PVDF                4-17                10 Code N4,,249
8701-0008,Samplers,"Hose tubing connectors, straight, cylindrical                                Universal hose tubing connectors","PP, PVDF",PP                   7-9                  10 Code N4,,249
8701-0010,Samplers,"Hose tubing connectors, straight, cylindrical                                Universal hose tubing connectors","PP, PVDF",PP                   9-11                 10 Code N4,,249
8701-0012,Samplers,"Hose tubing connectors, straight, cylindrical                                Universal hose tubing connectors","PP, PVDF",PP                   11-13                10 Code N4,,249
8701-0014,Samplers,"Hose tubing connectors, straight, cylindrical                                Universal hose tubing connectors","PP, PVDF",PP                   13-15                10 Code N4,,249
8710-0004,Samplers,"Hose tubing connectors, straight, cylindrical                                Universal hose tubing connectors","PP, PVDF",PVDF                 3-5                  10 Code N4,,249
8710-0006,Samplers,"Hose tubing connectors, straight, cylindrical                                Universal hose tubing connectors","PP, PVDF",PVDF                 5-7                  10 Code N4,,249
8710-0008,Samplers,"Hose tubing connectors, straight, cylindrical                                Universal hose tubing connectors","PP, PVDF",PVDF                 7-9                  10 Code N4,,249
8710-0010,Samplers,"Hose tubing connectors, straight, cylindrical                                Universal hose tubing connectors","PP, PVDF",PVDF                 9-11                 10 Code N4,,249
8710-0012,Samplers,"Hose tubing connectors, straight, cylindrical                                Universal hose tubing connectors","PP, PVDF",PVDF                 11-13                10 Code N4,,249
8710-0014,Samplers,"Hose tubing connectors, straight, cylindrical                                Universal hose tubing connectors","PP, PVDF",PVDF                 13-15                10 Code N4,,249
8700-0406,Samplers,Hose tubing connectors                                   Reducing hose connectors                          Hose couplings,"PE, PP",3-5                 10 Code N3,,250
8703-0408,Samplers,Hose tubing connectors                                   Reducing hose connectors                          Hose couplings,"PE, PP",4-8/8-12         10 Code N3,,250
8704-0406,Samplers,Hose tubing connectors                                   Reducing hose connectors                          Hose couplings,"PE, PP",3-5              10 Code N3,,250
8700-0608,Samplers,Hose tubing connectors                                   Reducing hose connectors                          Hose couplings,"PE, PP",5-7                 10 Code N3,,250
8703-0412,Samplers,Hose tubing connectors                                   Reducing hose connectors                          Hose couplings,"PE, PP",4-8/12-16        10 Code N3,,250
8704-0608,Samplers,Hose tubing connectors                                   Reducing hose connectors                          Hose couplings,"PE, PP",5-7              10 Code N3,,250
8700-0810,Samplers,Hose tubing connectors                                   Reducing hose connectors                          Hose couplings,"PE, PP",7-10                10 Code N3,,250
8703-0812,Samplers,Hose tubing connectors                                   Reducing hose connectors                          Hose couplings,"PE, PP",8-12/12-16       10 Code N3,,250
8704-0810,Samplers,Hose tubing connectors                                   Reducing hose connectors                          Hose couplings,"PE, PP",7-10             10 Code N3,,250
8700-1012,Samplers,Hose tubing connectors                                   Reducing hose connectors                          Hose couplings,"PE, PP",9-12                10 Code N3,,250
8704-1012,Samplers,Hose tubing connectors                                   Reducing hose connectors                          Hose couplings,"PE, PP",9-12             10 Code N3,,250
8700-1214,Samplers,Hose tubing connectors                                   Reducing hose connectors                          Hose couplings,"PE, PP",11-14               10 Code N3,,250
8704-1214,Samplers,Hose tubing connectors                                   Reducing hose connectors                          Hose couplings,"PE, PP",11-14            10 Code N3,,250
8700-1416,Samplers,Hose tubing connectors                                   Reducing hose connectors                          Hose couplings,"PE, PP",13-15               10 Code N3,,250
8704-1416,Samplers,Hose tubing connectors                                   Reducing hose connectors                          Hose couplings,"PE, PP",13-16            10 Code N3,,250
8715-1000,Samplers,Non-return valves                                        Magic Box,"PP, PTFE, stainless steel",Code N4,,251
8720-1002,Samplers,Flow indicators LiquiMobil SAN                                         Flow indicators CheMobil PMP,,red Code N4,Solvents,253
8720-2002,Samplers,Flow indicators LiquiMobil SAN                                         Flow indicators CheMobil PMP,,red Code N4,Solvents,253
8720-1003,Samplers,Flow indicators LiquiMobil SAN                                         Flow indicators CheMobil PMP,,black Code N4,Solvents,253
8720-2003,Samplers,Flow indicators LiquiMobil SAN                                         Flow indicators CheMobil PMP,,black Code N4,Solvents,253
8720-1005,Samplers,Flow indicators LiquiMobil SAN                                         Flow indicators CheMobil PMP,,blue Code N4,Solvents,253
8720-2005,Samplers,Flow indicators LiquiMobil SAN                                         Flow indicators CheMobil PMP,,blue Code N4,Solvents,253
8619-0102,Samplers,Tubing clamp stop-it with Easy-Click closure                                             Tubing clamp stop-it metal,"PVDF, aluminium",to 10                                 red Code N4,,255
8619-0510,Samplers,Tubing clamp stop-it with Easy-Click closure                                             Tubing clamp stop-it metal,"PVDF, aluminium",up to 10 Code N4,,255
8619-0104,Samplers,Tubing clamp stop-it with Easy-Click closure                                             Tubing clamp stop-it metal,"PVDF, aluminium",to 10                                 yellow Code N4,,255
8619-0515,Samplers,Tubing clamp stop-it with Easy-Click closure                                             Tubing clamp stop-it metal,"PVDF, aluminium",up to 15 Code N4,,255
8619-0105,Samplers,Tubing clamp stop-it with Easy-Click closure                                             Tubing clamp stop-it metal,"PVDF, aluminium",to 10                                 blue Code N4,,255
8619-0520,Samplers,Tubing clamp stop-it with Easy-Click closure                                             Tubing clamp stop-it metal,"PVDF, aluminium",up to 20 Code N4,,255
8619-0106,Samplers,Tubing clamp stop-it with Easy-Click closure                                             Tubing clamp stop-it metal,"PVDF, aluminium",to 10                                 green Code N4,,255
8619-0530,Samplers,Tubing clamp stop-it with Easy-Click closure                                             Tubing clamp stop-it metal,"PVDF, aluminium",up to 30 Code N4,,255
8619-0152,Samplers,Tubing clamp stop-it with Easy-Click closure                                             Tubing clamp stop-it metal,"PVDF, aluminium",to 15                                 red Code N4,,255
8619-0154,Samplers,Tubing clamp stop-it with Easy-Click closure                                             Tubing clamp stop-it metal,"PVDF, aluminium",to 15                                 yellow Code N4,,255
8619-0155,Samplers,Tubing clamp stop-it with Easy-Click closure                                             Tubing clamp stop-it metal,"PVDF, aluminium",to 15                                 blue Code N4,,255
8619-0156,Samplers,Tubing clamp stop-it with Easy-Click closure                                             Tubing clamp stop-it metal,"PVDF, aluminium",to 15                                 green Code N4,,255
8619-0202,Samplers,Tubing clamp stop-it with Easy-Click closure                                             Tubing clamp stop-it metal,"PVDF, aluminium",to 20                                 red Code N4,,255
8619-0204,Samplers,Tubing clamp stop-it with Easy-Click closure                                             Tubing clamp stop-it metal,"PVDF, aluminium",to 20                                 yellow Code N4,,255
8619-0205,Samplers,Tubing clamp stop-it with Easy-Click closure                                             Tubing clamp stop-it metal,"PVDF, aluminium",to 20                                 blue Code N4,,255
8619-0206,Samplers,Tubing clamp stop-it with Easy-Click closure                                             Tubing clamp stop-it metal,"PVDF, aluminium",to 20                                 green Code N4,,255
8618-0001,Samplers,Hose clamp Squeeze-Fix                         Hose clips POM                                      Worm-threaded hose clips,stainless steel,1-5             25 Code N3,,256
8678-0006,Samplers,Hose clamp Squeeze-Fix                         Hose clips POM                                      Worm-threaded hose clips,stainless steel,6 - 6.5          10 Code N3,,256
8677-0812,Samplers,Hose clamp Squeeze-Fix                         Hose clips POM                                      Worm-threaded hose clips,stainless steel,8-12             10 Code N3,,256
8618-0002,Samplers,Hose clamp Squeeze-Fix                         Hose clips POM                                      Worm-threaded hose clips,stainless steel,3-10            40 Code N3,,256
8678-0010,Samplers,Hose clamp Squeeze-Fix                         Hose clips POM                                      Worm-threaded hose clips,stainless steel,9 - 10           10 Code N3,,256
8677-1016,Samplers,Hose clamp Squeeze-Fix                         Hose clips POM                                      Worm-threaded hose clips,stainless steel,10-16            10 Code N3,,256
8618-0003,Samplers,Hose clamp Squeeze-Fix                         Hose clips POM                                      Worm-threaded hose clips,stainless steel,6-15            55 Code N3,,256
8678-0011,Samplers,Hose clamp Squeeze-Fix                         Hose clips POM                                      Worm-threaded hose clips,stainless steel,10 -11           10 Code N3,,256
8677-1220,Samplers,Hose clamp Squeeze-Fix                         Hose clips POM                                      Worm-threaded hose clips,stainless steel,12-20            10 Code N3,,256
8678-0012,Samplers,Hose clamp Squeeze-Fix                         Hose clips POM                                      Worm-threaded hose clips,stainless steel,11 - 12          10 Code N3,,256
8677-1625,Samplers,Hose clamp Squeeze-Fix                         Hose clips POM                                      Worm-threaded hose clips,stainless steel,16-27            10 Code N3,,256
8678-0014,Samplers,Hose clamp Squeeze-Fix                         Hose clips POM                                      Worm-threaded hose clips,stainless steel,12 - 14          10 Code N3,,256
8677-2032,Samplers,Hose clamp Squeeze-Fix                         Hose clips POM                                      Worm-threaded hose clips,stainless steel,20-32            10 Code N3,,256
8678-0015,Samplers,Hose clamp Squeeze-Fix                         Hose clips POM                                      Worm-threaded hose clips,stainless steel,13 - 15          10 Code N3,,256
8677-2540,Samplers,Hose clamp Squeeze-Fix                         Hose clips POM                                      Worm-threaded hose clips,stainless steel,25-40            10 Code N3,,256
8678-0017,Samplers,Hose clamp Squeeze-Fix                         Hose clips POM                                      Worm-threaded hose clips,stainless steel,15 - 17          10 Code N3,,256
8678-0019,Samplers,Hose clamp Squeeze-Fix                         Hose clips POM                                      Worm-threaded hose clips,stainless steel,17 - 19          10 Code N3,,256
8678-0020,Samplers,Hose clamp Squeeze-Fix                         Hose clips POM                                      Worm-threaded hose clips,stainless steel,18 - 20          10 Code N3,,256
8678-0022,Samplers,Hose clamp Squeeze-Fix                         Hose clips POM                                      Worm-threaded hose clips,stainless steel,20 - 22          10 Code N3,,256
8678-0025,Samplers,Hose clamp Squeeze-Fix                         Hose clips POM                                      Worm-threaded hose clips,stainless steel,23 - 25          10 Code N3,,256
8605-0060,Samplers,Two-way valves                                                            Three-way valves,"PE, PP, PVDF",PP/PE              5-7                4 Code N4,,257
8606-0060,Samplers,Two-way valves                                                            Three-way valves,"PE, PP, PVDF",PP/PE              5-7              4 Code N4,,257
8605-0080,Samplers,Two-way valves                                                            Three-way valves,"PE, PP, PVDF",PP/PE              7-9                6 Code N4,,257
8606-0080,Samplers,Two-way valves                                                            Three-way valves,"PE, PP, PVDF",PP/PE              7-9              6 Code N4,,257
8605-0100,Samplers,Two-way valves                                                            Three-way valves,"PE, PP, PVDF",PP/PE              9-11               8 Code N4,,257
8606-0100,Samplers,Two-way valves                                                            Three-way valves,"PE, PP, PVDF",PP/PE              9-11             8 Code N4,,257
8605-0120,Samplers,Two-way valves                                                            Three-way valves,"PE, PP, PVDF",PP/PE              11-13              8 Code N4,,257
8606-0120,Samplers,Two-way valves                                                            Three-way valves,"PE, PP, PVDF",PP/PE              11-13            8 Code N4,,257
8607-0060,Samplers,Two-way valves                                                            Three-way valves,"PE, PP, PVDF",PVDF               5-7                4 Code N4,,257
8608-0060,Samplers,Two-way valves                                                            Three-way valves,"PE, PP, PVDF",PVDF               5-7              4 Code N4,,257
8607-0080,Samplers,Two-way valves                                                            Three-way valves,"PE, PP, PVDF",PVDF               7-9                6 Code N4,,257
8608-0080,Samplers,Two-way valves                                                            Three-way valves,"PE, PP, PVDF",PVDF               7-9              6 Code N4,,257
8607-0100,Samplers,Two-way valves                                                            Three-way valves,"PE, PP, PVDF",PVDF               9-11               8 Code N4,,257
8608-0100,Samplers,Two-way valves                                                            Three-way valves,"PE, PP, PVDF",PVDF               9-11             8 Code N4,,257
8607-0120,Samplers,Two-way valves                                                            Three-way valves,"PE, PP, PVDF",PVDF               11-13              8 Code N4,,257
8608-0120,Samplers,Two-way valves                                                            Three-way valves,"PE, PP, PVDF",PVDF               11-13            8 Code N4,,257
8614-0007,Samplers,"Valves made of PTFE, two-way and three-way                             Hose tubing stop-cock","PP, PTFE",mm                                                9-11               7                  85 Code N4,Acids/alkalis,258
8610-0001,Samplers,"Valves made of PTFE, two-way and three-way                             Hose tubing stop-cock","PP, PTFE",three-way valve      4.5      2 Code N4,Acids/alkalis,258
8614-0009,Samplers,"Valves made of PTFE, two-way and three-way                             Hose tubing stop-cock","PP, PTFE",12-15              9                  97 Code N4,Acids/alkalis,258
8610-0003,Samplers,"Valves made of PTFE, two-way and three-way                             Hose tubing stop-cock","PP, PTFE",three-way valve      6.8      3 Code N4,Acids/alkalis,258
8610-0006,Samplers,"Valves made of PTFE, two-way and three-way                             Hose tubing stop-cock","PP, PTFE",three-way valve      10       4 Code N4,Acids/alkalis,258
8610-0010,Samplers,"Valves made of PTFE, two-way and three-way                             Hose tubing stop-cock","PP, PTFE",two-way valve        4.5      2 Code N4,Acids/alkalis,258
8610-0012,Samplers,"Valves made of PTFE, two-way and three-way                             Hose tubing stop-cock","PP, PTFE",two-way valve        6.8      3 Code N4,Acids/alkalis,258
8610-0015,Samplers,"Valves made of PTFE, two-way and three-way                             Hose tubing stop-cock","PP, PTFE",two-way valve        10       4 Code N4,Acids/alkalis,258
8714-0060,Samplers,Non-return valves with conical inlet/outlet                                            Non-return valves PP,"EPDM, PP, PTFE, stainless steel",1 6-8                                 embossed Code N4,,259
8540-0012,Samplers,Non-return valves with conical inlet/outlet                                            Non-return valves PP,"EPDM, PP, PTFE, stainless steel",1/2’’ Code N3,,259
8714-0080,Samplers,Non-return valves with conical inlet/outlet                                            Non-return valves PP,"EPDM, PP, PTFE, stainless steel",1 8-10                                embossed Code N4,,259
8714-0100,Samplers,Non-return valves with conical inlet/outlet                                            Non-return valves PP,"EPDM, PP, PTFE, stainless steel",1 10-14                               embossed Code N4,,259
8714-1006,Samplers,Non-return valves with conical inlet/outlet                                            Non-return valves PP,"EPDM, PP, PTFE, stainless steel",2 6-8                                 black Code N4,,259
8714-1008,Samplers,Non-return valves with conical inlet/outlet                                            Non-return valves PP,"EPDM, PP, PTFE, stainless steel",2 8-10                                black Code N4,,259
8714-1010,Samplers,Non-return valves with conical inlet/outlet                                            Non-return valves PP,"EPDM, PP, PTFE, stainless steel",2 10-14                               black Code N4,,259
8783-1062,Containers,"Hose couplings, 100 % plastic (POM), nw 6.4 mm",,"coupling, without valve   3/8’’ NPT            thread           6.4                  35 Code N3",,261
8744-1104,Containers,"Rapid couplings, nw 3.2 mm, female connections",PP,13                           POM         with valve           4x6                       44 Code N3,,262
8744-1004,Containers,"Rapid couplings, nw 3.2 mm, female connections",PP,13                           POM         without valve        4x6                       44 Code N3,,262
8744-2004,Containers,"Rapid couplings, nw 3.2 mm, female connections",PP,13                           PP          with valve           4x6                       44 Code N3,,262
8755-1102,Containers,"Rapid couplings, nw 3.2 mm, male connections",PP,3.2                          POM         with valve                                   28 Code N3,,263
8755-1104,Containers,"Rapid couplings, nw 3.2 mm, male connections",PP,6.4                          POM         with valve                                   28 Code N3,,263
8755-2004,Containers,"Rapid couplings, nw 3.2 mm, male connections",PP,6.4                          PP          with valve                                   28 Code N3,,263
8762-1140,Containers,"Rapid couplings, nw 6.4 mm, female connections",PP,4x6                          POM           with valve                                     47 Code N3,,264
8762-1310,Containers,"Rapid couplings, nw 6.4 mm, female connections",PP,8 x 10                       POM           with valve                                     50 Code N3,,264
8762-1380,Containers,"Rapid couplings, nw 6.4 mm, female connections",PP,6x8                          POM           with valve                                     50 Code N3,,264
8775-1040,Containers,"Rapid couplings, nw 6.4 mm, male connections",PP,6.5                           POM           without valve                               31 Code N3,,265
8775-1060,Containers,"Rapid couplings, nw 6.4 mm, male connections",PP,9.5                           POM           without valve                               31 Code N3,,265
8775-1160,Containers,"Rapid couplings, nw 6.4 mm, male connections",PP,"9,5                           POM           with valve                                  31 Code N3",,265
8775-2140,Containers,"Rapid couplings, nw 6.4 mm, male connections",PP,6.5                           PP            with valve                                  31 Code N3,,265
8548-0012,Containers,Threaded fittings,"EPDM, PP"," Seal, EPDM      1/2’’                              12               7.5 Code N3",,266
8548-3412,Containers,Threaded fittings,"EPDM, PP",3/4’’                              12               7 Code N3,,266
8548-0034,Containers,Threaded fittings,"EPDM, PP",3/4’’                              16               11 Code N3,,266
8548-3420,Containers,Threaded fittings,"EPDM, PP",3/4’’                              20               15.5 Code N3,,266
8548-0100,Containers,Threaded fittings,"EPDM, PP",1’’                                25               19.5 Code N3,,266
8538-0012,Containers,Threaded fittings,"EPDM, PE, PP",1/2’’                            ﬁts outer thread   10 Code N3,,267
8538-0034,Containers,Threaded fittings,"EPDM, PE, PP",3/4’’                            ﬁts outer thread   10 Code N3,,267
8538-0100,Containers,Threaded fittings,"EPDM, PE, PP",1’’                              ﬁts outer thread   10 Code N3,,267
8538-0200,Containers,Threaded fittings,"EPDM, PE, PP",2”                               ﬁts outer thread   10 Code N3,,267
8539-0012,Containers,Threaded fittings,"EPDM, PE, PP",1/2’’                            ﬁts inner thread   10 Code N3,,267
8539-0034,Containers,Threaded fittings,"EPDM, PE, PP","Flat seals made of Polyethylene,     3/4’’                            ﬁts inner thread   10 Code N3",,267
8539-0100,Containers,Threaded fittings,"EPDM, PE, PP",transparent fitting outer or in-     1’’                              ﬁts inner thread   10 Code N3,,267
8502-1234,Containers,Threaded fittings,PP,1/2’’ - 3/4’’     17.5 Code N3,,268
8506-1234,Containers,Threaded fittings,PP,1/2”-3/4’’        13.5 Code N3,,268
8516-0012,Containers,Threaded fittings,PP,1/2’’           14 Code N3,,268
8502-3410,Containers,Threaded fittings,PP,3/4’’ - 1’’       23 Code N3,,268
8506-3410,Containers,Threaded fittings,PP,3/4’’-1’’         18 Code N3,,268
8516-0034,Containers,Threaded fittings,PP,3/4’’           19 Code N3,,268
8516-0100,Containers,Threaded fittings,PP,1’’             24.5 Code N3,,268
8510-0012,Containers,Threaded fittings,"EPDM, PP",1/2’’           17.5 Code N3,,269
8535-0012,Containers,Threaded fittings,"EPDM, PP",1/2’’ Code N3,,269
8536-0012,Containers,Threaded fittings,"EPDM, PP",1/2’’ Code N3,,269
8510-0034,Containers,Threaded fittings,"EPDM, PP",3/4’’           21.5 Code N3,,269
8535-0034,Containers,Threaded fittings,"EPDM, PP",3/4’’ Code N3,,269
8536-0034,Containers,Threaded fittings,"EPDM, PP",3/4’’ Code N3,,269
8510-0100,Containers,Threaded fittings,"EPDM, PP",1’’             26.5 Code N3,,269
8535-0100,Containers,Threaded fittings,"EPDM, PP",1’’ Code N3,,269
8536-0100,Containers,Threaded fittings,"EPDM, PP",1’’ Code N3,,269
5620-0010,Containers,VacuMan vacuum pump                                                                VacuMan vacuum or pressure pump,"PVC, aluminium",Adapter set for hoses from 5 to 14 mm Code N3,,270
5620-0010,Containers,VacuMan vacuum pump                                                                VacuMan vacuum or pressure pump,"PVC, aluminium",Adapter set for hoses from 5 to 14 mm Code N3,,270
5620-0020,Containers,VacuMan vacuum pump                                                                VacuMan vacuum or pressure pump,"PVC, aluminium",Sampling set with suction hose and sample container Code N3,,270
5620-0020,Containers,VacuMan vacuum pump                                                                VacuMan vacuum or pressure pump,"PVC, aluminium",Sampling set with suction hose and sample container Code N3,,270
5625-2002,Containers,Water-jet pump                                                           AirJet Mini membrane vacuum pump,"EPDM, FKM, PP, PTFE",2 AirJet Mini ﬁne regulation head Code N2,Aggressive chemicals,271
5625-2003,Containers,Water-jet pump                                                           AirJet Mini membrane vacuum pump,"EPDM, FKM, PP, PTFE",3 AirJet Mini sound absorber Code N2,Aggressive chemicals,271
9791-0252,Containers,Desiccator                                                                      Mercury collector,,O-ring for desiccator for i.d. 250 mm Code N3,,272
9789-0002,Containers,Desiccator                                                                      Mercury collector,,Spare plastic foam insert for mercury collector Code N4,,272
2507-2001,Containers,Eyes Fresh mini eyewash station                                                         Eye rinsing bottle,PE,Wall ﬁxture Code N3,,273
9768-0001,Containers,HotGrip                                                                Rubiflex protective gloves,,for the whole hand            red Code N3,Solvents,274
2507-0002,Containers,HotGrip                                                                Rubiflex protective gloves,,standard                      37 Code N3,Solvents,274
9768-0002,Containers,HotGrip                                                                Rubiflex protective gloves,,for thumb and one ﬁnger       white Code N3,Solvents,274
2507-0003,Containers,HotGrip                                                                Rubiflex protective gloves,,long wrist                    60 Code N3,Solvents,274
9768-0003,Containers,HotGrip                                                                Rubiflex protective gloves,,for thumb and 2 to 3 ﬁngers   white Code N3,Solvents,274
8271-1000,Containers,Magnetic stirring bars                                                     Stirring paddle,"PP, PTFE",set incl. ten bars Code N3,,275
8203-2100,Containers,Magnetic stirring bars                                                     Stirring paddle,"PP, PTFE",155                130                117 Code N3,,275
8203-3150,Containers,Magnetic stirring bars                                                     Stirring paddle,"PP, PTFE",190                167                171 Code N3,,275
9997-1042,Samplers,Green PE,PE,,,284
